Reference area,TIME_PERIOD,OBS_VALUE,Sex.1
Austria,1991,8.5,Total
Austria,1991,9.1,Total
Austria,1991,12.4,Total
Austria,1991,14.3,Total
Austria,1991,15,Total
Austria,1991,16.6,Total
Austria,1991,8.9,Female
Austria,1991,9.1,Female
Austria,1991,12.7,Female
Austria,1999,13.1,Female
Austria,1999,13.7,Female
Austria,1999,15.2,Female
Austria,1999,35.3,Female
Austria,1999,30.4,Female
Austria,1999,41.3,Female
Austria,1999,39,Female
Austria,1999,43.1,Female
Austria,1999,8,Male
Austria,2006,9.1,Male
Austria,2006,12,Male
Austria,2006,15.6,Male
Austria,2006,16.3,Male
Austria,2006,18.1,Male
Austria,2006,42,Total
Austria,2006,46.1,Total
Austria,2006,47.7,Total
Austria,2006,46.7,Total
Austria,2014,51.1,Total
Austria,2014,49.4,Male
Austria,2014,63.4,Male
Austria,2014,54.5,Male
Austria,2014,55,Male
Austria,2014,59.5,Male
Austria,2014,41.4,Male
Austria,2014,54.4,Male
Austria,2014,42.5,Male
Austria,2017,39.4,Male
Austria,2017,43,Male
Austria,2017,41.4,Male
Austria,2017,33.5,Total
Austria,2017,37,Total
Austria,2017,35.3,Total
Austria,2019,32.4,Total
Austria,2019,35,Total
Austria,2019,34.5,Total
Austria,2019,26.4,Female
Austria,2019,21.5,Female
Austria,2019,28.6,Female
Austria,2019,25.9,Female
Austria,2019,27.3,Female
Austria,2019,27.9,Female
Belgium,1997,18.6,Total
Belgium,1997,21.2,Total
Belgium,1997,51,Total
Belgium,1997,55.4,Total
Belgium,1997,10.8,Total
Belgium,1997,12.1,Total
Belgium,1997,12.7,Total
Belgium,1997,14,Total
Belgium,1997,13.7,Total
Belgium,2001,15.9,Total
Belgium,2001,30.5,Total
Belgium,2001,32.4,Total
Belgium,2001,31.4,Total
Belgium,2001,33.5,Total
Belgium,2001,34.4,Total
Belgium,2001,33.4,Total
Belgium,2001,41.3,Total
Belgium,2001,44.5,Total
Belgium,2004,44.1,Total
Belgium,2004,47.5,Total
Belgium,2004,48.1,Total
Belgium,2004,49.3,Total
Belgium,2004,27.2,Female
Belgium,2004,29.1,Female
Belgium,2004,34,Female
Belgium,2004,38.8,Female
Belgium,2004,37.8,Female
Belgium,2008,41.5,Female
Belgium,2008,41.7,Female
Belgium,2008,43.4,Female
Belgium,2008,32.4,Total
Belgium,2008,34.2,Total
Belgium,2008,11.2,Male
Belgium,2008,11.5,Male
Belgium,2008,11.9,Male
Belgium,2008,13.3,Male
Belgium,2013,13.6,Male
Belgium,2013,16.7,Male
Belgium,2013,55.5,Male
Belgium,2013,59.3,Male
Belgium,2013,18.1,Male
Belgium,2013,19.6,Male
Belgium,2013,46.4,Female
Belgium,2013,51.7,Female
Belgium,2013,37.5,Male
Belgium,2014,39,Male
Belgium,2014,38.7,Male
Belgium,2014,40.8,Male
Belgium,2014,41.3,Male
Belgium,2014,38.6,Male
Belgium,2014,37.4,Male
Belgium,2014,39.7,Male
Belgium,2014,10.5,Female
Belgium,2014,12.7,Female
Belgium,2018,13.5,Female
Belgium,2018,14.7,Female
Belgium,2018,13.9,Female
Belgium,2018,15,Female
Belgium,2018,48.7,Male
Belgium,2018,50.5,Male
Belgium,2018,50.6,Male
Belgium,2018,54.1,Male
Belgium,2018,54.9,Male
Belgium,2018,55.3,Male
Belgium,2018,23.5,Female
Belgium,2018,26.1,Female
Belgium,2018,24.4,Female
Belgium,2018,26.8,Female
Belgium,2018,27.9,Female
Belgium,2018,28.4,Female
Belgium,2018,19.2,Female
Belgium,2018,22.6,Female
Bulgaria,2008,11.6,Male
Bulgaria,2008,15.5,Male
Bulgaria,2008,15.6,Male
Bulgaria,2008,57.9,Male
Bulgaria,2008,62.2,Male
Bulgaria,2008,64.4,Male
Bulgaria,2008,44,Female
Bulgaria,2008,46.8,Female
Bulgaria,2008,46.3,Female
Bulgaria,2014,11.3,Female
Bulgaria,2014,14.2,Female
Bulgaria,2014,11.9,Female
Bulgaria,2014,39.1,Total
Bulgaria,2014,39.2,Total
Bulgaria,2014,41.2,Total
Bulgaria,2014,32.7,Female
Bulgaria,2014,32.6,Female
Bulgaria,2014,34.4,Female
Bulgaria,2019,50.6,Total
Bulgaria,2019,54,Total
Bulgaria,2019,54.8,Total
Bulgaria,2019,46.3,Male
Bulgaria,2019,46.7,Male
Bulgaria,2019,48.8,Male
Bulgaria,2019,11.5,Total
Bulgaria,2019,14.8,Total
Bulgaria,2019,13.6,Total
Croatia,1975,5.4,Total
Croatia,1975,6.8,Total
Croatia,1975,7.7,Total
Croatia,1976,8.1,Total
Croatia,1976,10.3,Total
Croatia,1976,11.3,Total
Croatia,1977,12.1,Total
Croatia,1977,39.2,Male
Croatia,1977,42.2,Male
Croatia,1978,45.4,Male
Croatia,1978,46.3,Male
Croatia,1978,50.4,Male
Croatia,1979,50.9,Male
Croatia,1979,52.2,Male
Croatia,1979,24.9,Total
Croatia,1980,28.1,Total
Croatia,1980,29.4,Total
Croatia,1980,29.2,Total
Croatia,1981,30.8,Total
Croatia,1981,30.6,Total
Croatia,1981,30.8,Total
Croatia,1982,17.1,Female
Croatia,1982,21.2,Female
Croatia,1982,21.8,Female
Croatia,1983,20.9,Female
Croatia,1983,22.6,Female
Croatia,1983,22.7,Female
Croatia,1984,22.8,Female
Croatia,1984,21.9,Female
Croatia,1984,28.2,Female
Croatia,1985,29.2,Female
Croatia,1985,28.6,Female
Croatia,1985,32,Female
Croatia,1986,33,Female
Croatia,1986,33.8,Female
Croatia,1986,4.7,Female
Croatia,1987,7,Female
Croatia,1987,7.4,Female
Croatia,1987,7.7,Female
Croatia,1988,9.4,Female
Croatia,1988,10.2,Female
Croatia,1988,11,Female
Croatia,1989,33.1,Male
Croatia,1989,35.5,Male
Croatia,1989,37.5,Male
Croatia,1990,37.8,Male
Croatia,1990,39.2,Male
Croatia,1990,38.6,Male
Croatia,1991,38.9,Male
Croatia,1991,30.3,Total
Croatia,1991,34.9,Total
Croatia,1992,37.1,Total
Croatia,1992,37.3,Total
Croatia,1992,41,Total
Croatia,1993,41.8,Total
Croatia,1993,42.9,Total
Croatia,1993,6.1,Male
Croatia,1994,6.7,Male
Croatia,1994,7.9,Male
Croatia,1994,8.6,Male
Croatia,1995,11.2,Male
Croatia,1995,12.3,Male
Croatia,1995,13.2,Male
Croatia,1996,42,Female
Croatia,1996,46,Female
Croatia,1996,49,Female
Croatia,1997,49,Female
Croatia,1997,40.5,Female
Croatia,1997,41.4,Female
Croatia,1998,43.9,Female
Croatia,1998,46.7,Female
Croatia,1998,47.2,Female
Croatia,1999,48.2,Female
Croatia,1999,49.3,Female
Croatia,1999,35,Male
Croatia,2000,42,Male
Croatia,2000,41,Male
Croatia,2000,40,Male
Croatia,2001,14,Male
Croatia,2001,18,Male
Croatia,2001,23,Male
Croatia,2002,21,Male
Croatia,2002,28.3,Female
Croatia,2002,29.3,Female
Croatia,2003,30.4,Female
Croatia,2003,30.7,Female
Croatia,2003,28.9,Female
Croatia,2004,30,Female
Croatia,2004,31.8,Female
Croatia,2004,15,Female
Croatia,2005,17,Female
Croatia,2005,21,Female
Croatia,2005,21,Female
Croatia,2006,49,Male
Croatia,2006,60,Male
Croatia,2006,64,Male
Croatia,2007,61,Male
Croatia,2007,10.4,Male
Croatia,2007,10.4,Male
Croatia,2008,15,Male
Croatia,2008,13.4,Male
Croatia,2008,18.4,Male
Croatia,2009,19.3,Male
Croatia,2009,21.2,Male
Croatia,2009,27,Female
Croatia,2010,29,Female
Croatia,2010,28,Female
Croatia,2010,28,Female
Croatia,2011,14,Total
Croatia,2011,17,Total
Croatia,2011,22,Total
Croatia,2012,21,Total
Croatia,2012,54.5,Male
Croatia,2012,50.7,Male
Croatia,2013,56.9,Male
Croatia,2013,55.9,Male
Croatia,2013,63.6,Male
Croatia,2014,63.2,Male
Croatia,2014,68.1,Male
Croatia,2014,35.8,Total
Croatia,2014,34.5,Total
Croatia,2014,36,Total
Croatia,2014,36.2,Total
Croatia,2014,36.8,Total
Croatia,2014,36.7,Total
Croatia,2014,39.1,Total
Croatia,2014,31,Total
Croatia,2014,35,Total
Croatia,2014,34,Total
Croatia,2015,34,Total
Croatia,2015,47.1,Total
Croatia,2015,45.8,Total
Croatia,2016,50.2,Total
Croatia,2016,51.1,Total
Croatia,2016,55.1,Total
Croatia,2019,55.4,Total
Croatia,2019,58.4,Total
Croatia,2019,45,Total
Croatia,2019,52,Total
Croatia,2019,56,Total
Croatia,2019,55,Total
Croatia,2019,11.3,Total
Croatia,2019,11.3,Total
Croatia,2019,14.2,Total
Czechia,1993,14.8,Total
Czechia,1993,18.3,Total
Czechia,1993,18.7,Total
Czechia,1993,19.3,Total
Czechia,1993,12.2,Female
Czechia,1993,12.1,Female
Czechia,1993,13.5,Female
Czechia,1993,16.1,Female
Czechia,1993,18.3,Female
Czechia,1996,18.2,Female
Czechia,1996,17.5,Female
Czechia,1996,44.1,Male
Czechia,1996,40.3,Male
Czechia,1996,41.9,Male
Czechia,1996,42.5,Male
Czechia,1996,45.2,Male
Czechia,1996,43.9,Male
Czechia,1996,46.8,Male
Czechia,1999,24.9,Female
Czechia,1999,26.4,Female
Czechia,1999,26.3,Female
Czechia,1999,26.7,Female
Czechia,1999,27.8,Female
Czechia,1999,27.8,Female
Czechia,1999,41.7,Total
Czechia,1999,44.6,Total
Czechia,1999,46.7,Total
Czechia,2000,47.4,Total
Czechia,2000,51,Total
Czechia,2000,52.6,Total
Czechia,2000,34,Female
Czechia,2000,38.2,Female
Czechia,2000,39.4,Female
Czechia,2000,40.7,Female
Czechia,2000,44.4,Female
Czechia,2000,46.2,Female
Czechia,2002,32.3,Total
Czechia,2002,33.2,Total
Czechia,2002,33.3,Total
Czechia,2002,33.3,Total
Czechia,2002,34.2,Total
Czechia,2002,34.1,Total
Czechia,2002,49.6,Male
Czechia,2002,51.9,Male
Czechia,2002,54.3,Male
Czechia,2005,54.3,Male
Czechia,2005,57.7,Male
Czechia,2005,59.1,Male
Czechia,2005,8.2,Male
Czechia,2005,9.8,Male
Czechia,2005,11,Male
Czechia,2005,13.7,Male
Czechia,2005,14.3,Male
Czechia,2005,14.1,Male
Czechia,2008,17.1,Male
Czechia,2008,18.6,Male
Czechia,2008,39.8,Male
Czechia,2008,40.9,Male
Czechia,2008,40.5,Male
Czechia,2008,40,Male
Czechia,2008,40.6,Male
Czechia,2008,40.5,Male
Czechia,2008,5.5,Total
Czechia,2008,7.6,Total
Czechia,2008,9.5,Total
Czechia,2008,11.4,Total
Czechia,2008,13.4,Total
Czechia,2008,14.2,Total
Czechia,2008,14.9,Total
Czechia,2008,16.8,Total
Czechia,2008,18.5,Total
Czechia,2008,7,Female
Czechia,2010,9.1,Female
Czechia,2010,11.8,Female
Czechia,2010,13.1,Female
Czechia,2010,14,Female
Czechia,2010,15.6,Female
Czechia,2010,16.6,Female
Czechia,2010,18.3,Female
Czechia,2010,37.2,Total
Czechia,2010,43.1,Total
Czechia,2014,44.4,Total
Czechia,2014,45.3,Total
Czechia,2014,48.3,Total
Czechia,2014,48.4,Total
Czechia,2014,51.1,Total
Czechia,2014,52.8,Total
Czechia,2014,52.7,Total
Czechia,2014,51.5,Total
Czechia,2014,53,Total
Czechia,2019,50.2,Total
Czechia,2019,6.8,Total
Czechia,2019,8.8,Total
Czechia,2019,10.3,Total
Czechia,2019,11.7,Total
Czechia,2019,12.6,Total
Czechia,2019,13.1,Total
Czechia,2019,14.9,Total
Czechia,2019,15.7,Total
Denmark,1987,16.6,Total
Denmark,1994,16.7,Total
Denmark,1994,16.9,Total
Denmark,1994,14.9,Total
Denmark,2000,23.9,Female
Denmark,2000,26.4,Female
Denmark,2000,26.5,Female
Denmark,2000,26.3,Female
Denmark,2000,27.8,Female
Denmark,2000,27.6,Female
Denmark,2000,28.6,Female
Denmark,2000,29.4,Female
Denmark,2000,27.7,Female
Denmark,2005,27.6,Female
Denmark,2005,29.4,Female
Denmark,2005,28.4,Female
Denmark,2005,30.4,Total
Denmark,2005,34.4,Total
Denmark,2005,34.1,Total
Denmark,2005,33.6,Total
Denmark,2005,35.7,Total
Denmark,2005,35.3,Total
Denmark,2010,36.2,Total
Denmark,2010,37.1,Total
Denmark,2010,36.1,Total
Denmark,2010,35.1,Total
Denmark,2010,36.2,Total
Denmark,2010,35.3,Total
Denmark,2010,42.5,Male
Denmark,2010,50.7,Male
Denmark,2010,51.1,Male
Denmark,2013,51.6,Male
Denmark,2013,55.2,Male
Denmark,2013,56.3,Male
Denmark,2013,58.6,Male
Denmark,2013,61.8,Male
Denmark,2013,61.9,Male
Denmark,2013,59.3,Male
Denmark,2013,60.7,Male
Denmark,2013,58.1,Male
Denmark,2014,6.4,Male
Denmark,2014,8.7,Male
Denmark,2014,10,Male
Denmark,2017,11.1,Male
Denmark,2017,11.8,Male
Denmark,2017,12.9,Male
Denmark,2017,15.1,Male
Denmark,2017,16.9,Male
Denmark,2017,17.5,Male
Denmark,2017,17.1,Male
Denmark,2017,17.5,Male
Denmark,2017,15.5,Male
Denmark,2021,31.2,Female
Denmark,2021,35.3,Female
Denmark,2021,37.2,Female
Denmark,2021,38.6,Female
Denmark,2021,41.2,Female
Denmark,2021,40.9,Female
Denmark,2021,43.4,Female
Denmark,2021,43.8,Female
Denmark,2021,43.4,Female
Estonia,1990,43.8,Female
Estonia,1990,45.6,Female
Estonia,1990,42.7,Female
Estonia,1990,7.3,Female
Estonia,1990,8.9,Female
Estonia,1990,10.7,Female
Estonia,1990,12.3,Female
Estonia,1990,13.5,Female
Estonia,1990,13.4,Female
Estonia,1992,14.7,Female
Estonia,1992,14.4,Female
Estonia,1992,15.6,Female
Estonia,1992,16.3,Female
Estonia,1992,16.2,Female
Estonia,1992,14.3,Female
Estonia,1992,36.1,Male
Estonia,1992,42,Male
Estonia,1992,41.1,Male
Estonia,1994,40.5,Male
Estonia,1994,43.5,Male
Estonia,1994,43.5,Male
Estonia,1994,43.6,Male
Estonia,1994,44.9,Male
Estonia,1994,44.4,Male
Estonia,1994,42.7,Male
Estonia,1994,43.1,Male
Estonia,1994,42.7,Male
Estonia,1996,57.6,Total
Estonia,1996,41.9,Total
Estonia,1996,43.9,Total
Estonia,1996,41.4,Total
Estonia,1996,40.8,Total
Estonia,1996,41.9,Total
Estonia,1996,42.6,Total
Estonia,1996,43.2,Total
Estonia,1996,46.5,Total
Estonia,1998,49.6,Total
Estonia,1998,48.6,Total
Estonia,1998,48.9,Total
Estonia,1998,52,Total
Estonia,1998,51.7,Total
Estonia,1998,50.7,Total
Estonia,1998,51.6,Total
Estonia,1998,52.7,Total
Estonia,1998,19.4,Total
Estonia,2000,12.6,Total
Estonia,2000,11.5,Total
Estonia,2000,11.8,Total
Estonia,2000,13.6,Total
Estonia,2000,14.1,Total
Estonia,2000,13.7,Total
Estonia,2000,14.5,Total
Estonia,2000,15.9,Total
Estonia,2000,18,Total
Estonia,2002,16.9,Total
Estonia,2002,19,Total
Estonia,2002,19.5,Total
Estonia,2002,19.2,Total
Estonia,2002,19.1,Total
Estonia,2002,20.5,Total
Estonia,2002,21,Total
Estonia,2002,26.4,Female
Estonia,2002,33.3,Total
Estonia,2004,35.7,Female
Estonia,2004,24.9,Female
Estonia,2004,29.7,Female
Estonia,2004,26.1,Female
Estonia,2004,24.2,Female
Estonia,2004,25.5,Female
Estonia,2004,26.1,Female
Estonia,2004,26.2,Female
Estonia,2004,26.1,Female
Estonia,2006,26.3,Female
Estonia,2006,28.4,Female
Estonia,2006,25.6,Female
Estonia,2006,28.2,Female
Estonia,2006,27.3,Female
Estonia,2006,26,Female
Estonia,2006,25.3,Female
Estonia,2006,26.7,Female
Estonia,2006,51.3,Total
Estonia,2008,18.5,Female
Estonia,2008,38.2,Total
Estonia,2008,29.3,Total
Estonia,2008,32.4,Total
Estonia,2008,29.6,Total
Estonia,2008,27.2,Total
Estonia,2008,27.8,Total
Estonia,2008,28.9,Total
Estonia,2008,28.7,Total
Estonia,2010,30.6,Total
Estonia,2010,31.6,Total
Estonia,2010,31.7,Total
Estonia,2010,29.9,Total
Estonia,2010,32.5,Total
Estonia,2010,32.5,Total
Estonia,2010,31.6,Total
Estonia,2010,31.1,Total
Estonia,2010,31.7,Total
Estonia,2012,18,Total
Estonia,2012,40.7,Male
Estonia,2012,57.6,Male
Estonia,2012,44.8,Male
Estonia,2012,43.1,Male
Estonia,2012,42.6,Male
Estonia,2012,43.1,Male
Estonia,2012,43.3,Male
Estonia,2012,45.4,Male
Estonia,2014,45.9,Male
Estonia,2014,52.2,Male
Estonia,2014,56.3,Male
Estonia,2014,53.6,Male
Estonia,2014,54.5,Male
Estonia,2014,57.9,Male
Estonia,2014,59.9,Male
Estonia,2014,60.9,Male
Estonia,2014,62.6,Male
Estonia,2014,61,Male
Estonia,2014,58.1,Male
Estonia,2014,17.4,Male
Estonia,2014,16,Male
Estonia,2014,10.8,Male
Estonia,2014,7.1,Male
Estonia,2014,8.9,Male
Estonia,2014,11.9,Male
Estonia,2014,12.3,Male
Estonia,2016,12.5,Male
Estonia,2016,14,Male
Estonia,2016,14.9,Male
Estonia,2016,17.5,Male
Estonia,2016,17,Male
Estonia,2016,18.6,Male
Estonia,2016,18.9,Male
Estonia,2016,19.8,Male
Estonia,2016,21.2,Male
Estonia,2018,22.9,Male
Estonia,2018,22.3,Male
Estonia,2018,57.7,Female
Estonia,2018,39.2,Female
Estonia,2018,44.5,Female
Estonia,2018,40.4,Female
Estonia,2018,39,Female
Estonia,2018,40.9,Female
Estonia,2018,40.7,Female
Estonia,2020,41.1,Female
Estonia,2020,42.6,Female
Estonia,2020,44.6,Female
Estonia,2020,45.2,Female
Estonia,2020,44.9,Female
Estonia,2020,48.1,Female
Estonia,2020,46,Female
Estonia,2020,43.7,Female
Estonia,2020,44.2,Female
Estonia,2022,46.8,Female
Estonia,2022,44.9,Female
Estonia,2022,22,Female
Estonia,2022,14.3,Female
Estonia,2022,14.8,Female
Estonia,2022,14.2,Female
Estonia,2022,14.8,Female
Estonia,2022,15.4,Female
Estonia,2022,14.6,Female
Finland,1978,14.9,Female
Finland,1978,16.5,Female
Finland,1978,18.3,Female
Finland,1978,16.8,Female
Finland,1978,19.3,Female
Finland,1978,19.9,Female
Finland,1978,18.7,Female
Finland,1978,17.7,Female
Finland,1978,18.9,Female
Finland,1979,20.1,Female
Finland,1979,41.5,Male
Finland,1979,34,Male
Finland,1979,35.9,Male
Finland,1979,33.7,Male
Finland,1979,31.2,Male
Finland,1979,31,Male
Finland,1979,32.9,Male
Finland,1979,31.9,Male
Finland,1979,37.3,Male
Finland,1979,38.8,Male
Finland,1979,36.6,Male
Finland,1979,35.9,Male
Finland,1979,39,Male
Finland,1979,40.1,Male
Finland,1979,39.8,Male
Finland,1979,39.7,Male
Finland,1979,38.7,Male
Finland,1980,14.6,Total
Finland,1980,22.5,Total
Finland,1980,24.8,Total
Finland,1980,21.5,Total
Finland,1980,26.8,Total
Finland,1980,30.2,Total
Finland,1980,39,Total
Finland,1980,41.1,Total
Finland,1980,40.2,Total
Finland,1981,36.5,Total
Finland,1981,40.8,Total
Finland,1981,39.7,Total
Finland,1981,53.6,Total
Finland,1981,63.6,Total
Finland,1981,65,Total
Finland,1981,58,Total
Finland,1981,67.6,Total
Finland,1981,69.8,Total
Finland,1982,6.6,Total
Finland,1982,7.4,Total
Finland,1982,7.4,Total
Finland,1982,7.3,Total
Finland,1982,7.2,Total
Finland,1982,7.6,Total
Finland,1982,7.7,Total
Finland,1982,6.7,Total
Finland,1982,7.5,Total
Finland,1983,8.3,Total
Finland,1983,7.8,Total
Finland,1983,8.3,Total
Finland,1983,8.4,Total
Finland,1983,8.8,Total
Finland,1983,8.6,Total
Finland,1983,8.9,Total
Finland,1983,9.5,Total
Finland,1983,10.4,Total
Finland,1984,10.2,Total
Finland,1984,9.9,Total
Finland,1984,9.5,Total
Finland,1984,10.1,Total
Finland,1984,11.2,Total
Finland,1984,11.4,Total
Finland,1984,11.8,Total
Finland,1984,12.8,Total
Finland,1984,14,Total
Finland,1985,14.1,Total
Finland,1985,14.3,Total
Finland,1985,14.9,Total
Finland,1985,15.7,Total
Finland,1985,14.9,Total
Finland,1985,15.6,Total
Finland,1985,16.6,Total
Finland,1985,15.8,Total
Finland,1985,15.7,Total
Finland,1986,18.3,Total
Finland,1986,18.8,Total
Finland,1986,19,Total
Finland,1986,19,Total
Finland,1986,20,Total
Finland,1986,21,Total
Finland,1986,23,Total
Finland,1986,24,Total
Finland,1986,34.3,Female
Finland,1987,35.3,Female
Finland,1987,29.9,Female
Finland,1987,34,Female
Finland,1987,28.5,Female
Finland,1987,35.8,Female
Finland,1987,35,Female
Finland,1987,21.6,Female
Finland,1987,25.1,Female
Finland,1987,24.2,Female
Finland,1988,21.7,Female
Finland,1988,24.5,Female
Finland,1988,23.1,Female
Finland,1988,23.9,Female
Finland,1988,22.5,Female
Finland,1988,23.2,Female
Finland,1988,21.7,Female
Finland,1988,21.8,Female
Finland,1988,23.9,Female
Finland,1989,21.8,Female
Finland,1989,23.6,Female
Finland,1989,24.5,Female
Finland,1989,23.8,Female
Finland,1989,24.8,Female
Finland,1989,27.7,Female
Finland,1989,26.3,Female
Finland,1989,27.1,Female
Finland,1989,25.5,Female
Finland,1990,25.5,Female
Finland,1990,25.7,Female
Finland,1990,25.6,Female
Finland,1990,25.6,Female
Finland,1990,26.2,Female
Finland,1990,24.7,Female
Finland,1990,26.6,Female
Finland,1990,27.2,Female
Finland,1990,28.8,Female
Finland,1991,27.6,Female
Finland,1991,28.3,Female
Finland,1991,27.7,Female
Finland,1991,27.7,Female
Finland,1991,27.4,Female
Finland,1991,29.1,Female
Finland,1991,27.5,Female
Finland,1991,31.4,Female
Finland,1991,31,Female
Finland,1992,30,Female
Finland,1992,29,Female
Finland,1992,31,Female
Finland,1992,30,Female
Finland,1992,30,Female
Finland,1992,27.4,Total
Finland,1992,30.9,Total
Finland,1992,29.8,Total
Finland,1992,29,Total
Finland,1993,30.3,Total
Finland,1993,29.4,Total
Finland,1993,28.7,Total
Finland,1993,28.5,Total
Finland,1993,29.4,Total
Finland,1993,28.1,Total
Finland,1993,28.9,Total
Finland,1993,30.2,Total
Finland,1993,29.3,Total
Finland,1994,29.6,Total
Finland,1994,32.2,Total
Finland,1994,30.2,Total
Finland,1994,32.2,Total
Finland,1994,33.7,Total
Finland,1994,32.2,Total
Finland,1994,32.5,Total
Finland,1994,33.9,Total
Finland,1994,32.4,Total
Finland,1995,32.2,Total
Finland,1995,32.7,Total
Finland,1995,33.5,Total
Finland,1995,32.2,Total
Finland,1995,31.3,Total
Finland,1995,35,Total
Finland,1995,33.4,Total
Finland,1995,34,Total
Finland,1995,33.1,Total
Finland,1996,34.4,Total
Finland,1996,34.1,Total
Finland,1996,34.1,Total
Finland,1996,33.5,Total
Finland,1996,34.2,Total
Finland,1996,33.8,Total
Finland,1996,37.3,Total
Finland,1996,37,Total
Finland,1996,38,Total
Finland,1997,35,Total
Finland,1997,36,Total
Finland,1997,37,Total
Finland,1997,37,Total
Finland,1997,17.8,Female
Finland,1997,24.1,Female
Finland,1997,19.2,Female
Finland,1997,25.8,Female
Finland,1997,21.5,Female
Finland,1998,27.5,Female
Finland,1998,32,Female
Finland,1998,43.7,Male
Finland,1998,46.8,Male
Finland,1998,45.5,Male
Finland,1998,46.4,Male
Finland,1998,44.7,Male
Finland,1998,45.8,Male
Finland,1998,44.5,Male
Finland,1999,11.3,Male
Finland,1999,20.9,Male
Finland,1999,18.6,Male
Finland,1999,23.8,Male
Finland,1999,21.5,Male
Finland,1999,26.1,Male
Finland,1999,28.3,Male
Finland,1999,55,Male
Finland,1999,67.7,Male
Finland,2000,64,Male
Finland,2000,70.2,Male
Finland,2000,66.2,Male
Finland,2000,71.9,Male
Finland,2000,72.8,Male
Finland,2000,6,Male
Finland,2000,7.5,Male
Finland,2000,6.7,Male
Finland,2000,6.8,Male
Finland,2000,6.9,Male
Finland,2000,8.2,Male
Finland,2000,7.3,Male
Finland,2000,6.5,Male
Finland,2000,7.2,Male
Finland,2000,8.8,Male
Finland,2000,8.1,Male
Finland,2000,8.3,Male
Finland,2000,7.9,Male
Finland,2001,9.2,Male
Finland,2001,9,Male
Finland,2001,10.6,Male
Finland,2001,9.1,Male
Finland,2001,11.3,Male
Finland,2001,11,Male
Finland,2001,10.9,Male
Finland,2001,10.2,Male
Finland,2001,9.7,Male
Finland,2002,11.4,Male
Finland,2002,12.8,Male
Finland,2002,12,Male
Finland,2002,14,Male
Finland,2002,14,Male
Finland,2002,14.9,Male
Finland,2002,14.6,Male
Finland,2002,16,Male
Finland,2002,15.4,Male
Finland,2003,16.1,Male
Finland,2003,15.7,Male
Finland,2003,17.5,Male
Finland,2003,16.1,Male
Finland,2003,17.4,Male
Finland,2003,18.9,Male
Finland,2003,18.7,Male
Finland,2003,21,Male
Finland,2003,19,Male
Finland,2004,21,Male
Finland,2004,20,Male
Finland,2004,23,Male
Finland,2004,24,Male
Finland,2004,33.2,Male
Finland,2004,36.3,Male
Finland,2004,35.1,Male
Finland,2004,35.9,Male
Finland,2004,35.8,Male
Finland,2005,35.8,Male
Finland,2005,34.5,Male
Finland,2005,35.1,Male
Finland,2005,36.5,Male
Finland,2005,35.4,Male
Finland,2005,36.2,Male
Finland,2005,37,Male
Finland,2005,37.5,Male
Finland,2005,36.4,Male
Finland,2006,40.9,Male
Finland,2006,37.6,Male
Finland,2006,40.4,Male
Finland,2006,40.6,Male
Finland,2006,39,Male
Finland,2006,39,Male
Finland,2006,42.9,Male
Finland,2006,40.5,Male
Finland,2006,40,Male
Finland,2007,41,Male
Finland,2007,42.8,Male
Finland,2007,39.5,Male
Finland,2007,39.3,Male
Finland,2007,44.8,Male
Finland,2007,40.9,Male
Finland,2007,40.7,Male
Finland,2007,40.4,Male
Finland,2007,42.3,Male
Finland,2007,42.2,Male
Finland,2007,42.6,Male
Finland,2007,41.7,Male
Finland,2007,40.9,Male
Finland,2007,42.2,Male
Finland,2007,43.5,Male
Finland,2008,43,Male
Finland,2008,45,Male
Finland,2008,42,Male
Finland,2008,42,Male
Finland,2008,43,Male
Finland,2008,43,Male
Finland,2008,39.2,Male
Finland,2008,43.8,Male
Finland,2008,41.8,Male
Finland,2009,42.7,Male
Finland,2009,42.7,Male
Finland,2009,44,Male
Finland,2009,41.8,Male
Finland,2009,41.6,Male
Finland,2009,43.7,Male
Finland,2009,44.2,Male
Finland,2009,44.3,Male
Finland,2009,45.3,Male
Finland,2010,45.4,Male
Finland,2010,45.6,Male
Finland,2010,49.9,Male
Finland,2010,48.2,Male
Finland,2010,49.5,Male
Finland,2010,51.9,Male
Finland,2010,50,Male
Finland,2010,49.9,Male
Finland,2010,53.1,Male
Finland,2011,50.2,Male
Finland,2011,51.4,Male
Finland,2011,53.8,Male
Finland,2011,54.8,Male
Finland,2011,53.5,Male
Finland,2011,53.3,Male
Finland,2011,59.7,Male
Finland,2011,55.5,Male
Finland,2011,56.7,Male
Finland,2011,55.8,Male
Finland,2011,58.4,Male
Finland,2011,57.9,Male
Finland,2011,60.1,Male
Finland,2011,57.8,Male
Finland,2011,58.3,Male
Finland,2011,61.1,Male
Finland,2011,62.2,Male
Finland,2011,64,Male
Finland,2012,64,Male
Finland,2012,62,Male
Finland,2012,62,Male
Finland,2012,67,Male
Finland,2012,67,Male
Finland,2012,52.1,Female
Finland,2012,59.4,Female
Finland,2012,49.2,Female
Finland,2012,59.8,Female
Finland,2012,50,Female
Finland,2012,63.2,Female
Finland,2012,67,Female
Finland,2012,28.9,Female
Finland,2012,32.4,Female
Finland,2012,32.3,Female
Finland,2012,29.5,Female
Finland,2012,31.9,Female
Finland,2012,30.1,Female
Finland,2013,31.8,Female
Finland,2013,29.3,Female
Finland,2013,31,Female
Finland,2013,29.6,Female
Finland,2013,29.4,Female
Finland,2013,32.1,Female
Finland,2013,30.6,Female
Finland,2013,32,Female
Finland,2013,32.8,Female
Finland,2014,31.2,Female
Finland,2014,34.7,Female
Finland,2014,37.4,Female
Finland,2014,35.7,Female
Finland,2014,36.2,Female
Finland,2014,34.3,Female
Finland,2014,36,Female
Finland,2014,36.7,Female
Finland,2014,35.9,Female
Finland,2015,37.3,Female
Finland,2015,37.9,Female
Finland,2015,38.6,Female
Finland,2015,40.1,Female
Finland,2015,41.3,Female
Finland,2015,42.8,Female
Finland,2015,43.6,Female
Finland,2015,42.3,Female
Finland,2015,43.3,Female
Finland,2016,43.7,Female
Finland,2016,43.1,Female
Finland,2016,43.5,Female
Finland,2016,45.2,Female
Finland,2016,50.3,Female
Finland,2016,48,Female
Finland,2016,49,Female
Finland,2016,48,Female
Finland,2016,52,Female
Finland,2017,53,Female
Finland,2017,55,Female
Finland,2017,7.3,Female
Finland,2017,7.3,Female
Finland,2017,8.1,Female
Finland,2017,7.8,Female
Finland,2017,7.4,Female
Finland,2017,7,Female
Finland,2017,7.9,Female
Finland,2017,6.8,Female
Finland,2017,7.8,Female
Finland,2017,7.9,Female
Finland,2017,7.6,Female
Finland,2017,8.2,Female
Finland,2017,8.8,Female
Finland,2017,8.4,Female
Finland,2017,8.3,Female
Finland,2017,7.4,Female
Finland,2018,9.9,Female
Finland,2018,9.7,Female
Finland,2018,9.4,Female
Finland,2018,9.1,Female
Finland,2018,8.8,Female
Finland,2018,10.5,Female
Finland,2018,11,Female
Finland,2018,10.3,Female
Finland,2018,11.7,Female
Finland,2019,11.7,Female
Finland,2019,14,Female
Finland,2019,13.5,Female
Finland,2019,14.1,Female
Finland,2019,14,Female
Finland,2019,16,Female
Finland,2019,14,Female
Finland,2019,15.5,Female
Finland,2019,16,Female
Finland,2020,15.7,Female
Finland,2020,14.4,Female
Finland,2020,17.7,Female
Finland,2020,18.9,Female
Finland,2020,17,Female
Finland,2020,20,Female
Finland,2020,20,Female
Finland,2020,21,Female
Finland,2020,23,Female
Finland,2022,24,Female
Finland,2022,34,Total
Finland,2022,38.3,Total
Finland,2022,37.2,Total
Finland,2022,36.3,Total
Finland,2022,37.5,Total
Finland,2022,37,Total
Finland,2022,36.4,Total
Finland,2022,35.2,Total
Finland,2022,36.9,Total
Finland,2022,36.4,Total
Finland,2022,36.7,Total
Finland,2022,38.5,Total
Finland,2022,37.7,Total
Finland,2022,38.4,Total
Finland,2022,40.8,Total
Finland,2022,39.1,Total
Finland,2022,41.7,Total
France,1990,44.1,Total
France,1990,42.4,Total
France,1990,42.4,Total
France,1990,43.4,Total
France,1990,42.5,Total
France,1990,43.4,Total
France,1990,44.1,Total
France,1990,45.3,Total
France,1990,45,Total
France,1991,45.3,Total
France,1991,49.2,Total
France,1991,47.7,Total
France,1991,48.9,Total
France,1991,48.8,Total
France,1991,49.3,Total
France,1991,49.7,Total
France,1991,50.8,Total
France,1991,49.4,Total
France,1992,49.9,Total
France,1992,52.1,Total
France,1992,56,Total
France,1992,56,Total
France,1992,57,Total
France,1992,55,Total
France,1992,57,Total
France,1992,60,Total
France,1992,61,Total
France,1993,32,Total
France,1993,32,Total
France,1993,30.8,Total
France,1993,5.8,Total
France,1993,5.7,Total
France,1993,6.5,Total
France,1993,6.6,Total
France,1993,6.9,Total
France,1993,7,Total
France,1994,8.3,Total
France,1994,7.4,Total
France,1994,8.2,Total
France,1994,9,Total
France,1994,9.4,Total
France,1994,9.4,Total
France,1994,10.5,Total
France,1994,12.2,Total
France,1994,12.9,Total
France,1995,14.5,Total
France,1995,15.3,Total
France,1995,15.4,Total
France,1995,14.4,Total
France,1995,49,Total
France,1995,49,Total
France,1995,46.4,Total
France,1995,17,Total
France,1995,17,Total
France,1996,15.6,Total
France,1996,34.7,Male
France,1996,36.2,Male
France,1996,36.6,Male
France,1996,37.8,Male
France,1996,36.9,Male
France,1996,40.8,Male
France,1996,41.6,Male
France,1996,40,Male
France,1997,40.8,Male
France,1997,43.4,Male
France,1997,43.6,Male
France,1997,39.6,Male
France,1997,42.5,Male
France,1997,43.9,Male
France,1997,49.9,Male
France,1997,50.6,Male
France,1997,52.3,Male
France,1998,52,Male
France,1998,50.3,Male
France,1998,18.8,Female
France,1998,18,Female
France,1998,18.4,Female
France,1998,18.7,Female
France,1998,17.8,Female
France,1998,19.1,Female
France,1998,19.9,Female
France,2000,19.8,Female
France,2000,20,Female
France,2000,20.1,Female
France,2000,22.3,Female
France,2000,19.9,Female
France,2000,21.2,Female
France,2000,22.3,Female
France,2000,23.3,Female
France,2000,24.6,Female
France,2002,25.1,Female
France,2002,25.6,Female
France,2002,25.5,Female
France,2002,23.9,Total
France,2002,24.1,Total
France,2002,24.4,Total
France,2002,24.9,Total
France,2002,23.6,Total
France,2002,26.4,Total
France,2004,26.9,Total
France,2004,26,Total
France,2004,26.2,Total
France,2004,27.2,Total
France,2004,28.1,Total
France,2004,25.3,Total
France,2004,26.5,Total
France,2004,27,Total
France,2004,29.9,Total
France,2006,29.9,Total
France,2006,30.8,Total
France,2006,30.7,Total
France,2006,30.9,Total
France,2006,17.6,Female
France,2006,17.4,Female
France,2006,16.4,Female
France,2006,41,Male
France,2006,37.1,Male
France,2006,35.5,Male
France,2006,41.4,Female
France,2006,44.2,Female
France,2006,41.1,Female
France,2006,5.9,Female
France,2006,5.6,Female
France,2006,6.8,Female
France,2006,6.6,Female
France,2006,6.3,Female
France,2008,6.8,Female
France,2008,8.9,Female
France,2008,7.3,Female
France,2008,8.1,Female
France,2008,9,Female
France,2008,9.1,Female
France,2008,9.4,Female
France,2008,10.4,Female
France,2008,12.7,Female
France,2010,13.4,Female
France,2010,14.6,Female
France,2010,15.3,Female
France,2010,15,Female
France,2010,15.2,Female
France,2010,24.7,Female
France,2010,23.6,Female
France,2010,25.2,Female
France,2010,25.3,Female
France,2012,24.1,Female
France,2012,25.9,Female
France,2012,28.8,Female
France,2012,27.1,Female
France,2012,28.1,Female
France,2012,29.1,Female
France,2012,31.3,Female
France,2012,29.3,Female
France,2012,31.6,Female
France,2014,35,Female
France,2014,36.7,Female
France,2014,39.2,Female
France,2014,40.4,Female
France,2014,40.6,Female
France,2014,40.7,Female
France,2014,23.8,Female
France,2014,26.8,Female
France,2014,24.7,Female
France,2015,16.1,Male
France,2015,16.8,Male
France,2015,14.8,Male
France,2015,29,Male
France,2015,30.4,Male
France,2015,30.4,Male
France,2015,31.2,Male
France,2015,29.4,Male
France,2015,33.7,Male
France,2017,34,Male
France,2017,32.4,Male
France,2017,32.4,Male
France,2017,34.4,Male
France,2017,34,Male
France,2017,30.1,Male
France,2017,32,Male
France,2017,32.2,Male
France,2017,37.6,Male
France,2017,36.1,Male
France,2017,37,Male
France,2017,36.2,Male
France,2017,36.8,Male
France,2017,29.7,Total
France,2017,29.8,Total
France,2017,30.9,Total
France,2017,31.5,Total
France,2017,30.5,Total
France,2019,33.4,Total
France,2019,35.2,Total
France,2019,33.4,Total
France,2019,34.4,Total
France,2019,36.2,Total
France,2019,37.5,Total
France,2019,34.7,Total
France,2019,37,Total
France,2019,39.2,Total
Greece,2006,42.9,Total
Greece,2006,44.4,Total
Greece,2006,46.1,Total
Greece,2006,46.1,Total
Greece,2006,45.3,Total
Greece,2006,5.7,Male
Greece,2006,5.8,Male
Greece,2006,6.2,Male
Greece,2006,6.6,Male
Greece,2008,7.5,Male
Greece,2008,7.1,Male
Greece,2008,7.6,Male
Greece,2008,7.6,Male
Greece,2008,8.4,Male
Greece,2008,9,Male
Greece,2008,9.7,Male
Greece,2008,9.5,Male
Greece,2008,10.5,Male
Greece,2009,11.7,Male
Greece,2009,12.4,Male
Greece,2009,14.5,Male
Greece,2009,15.3,Male
Greece,2009,15.8,Male
Greece,2009,13.5,Male
Greece,2009,57.1,Male
Greece,2009,53.9,Male
Greece,2009,50.3,Male
Greece,2014,68.6,Male
Greece,2014,6,Male
Greece,2014,8,Male
Greece,2014,13,Male
Greece,2014,12,Male
Greece,2014,13.2,Male
Greece,2014,13.8,Male
Greece,2014,15.3,Male
Greece,2014,16.4,Male
Greece,2019,17,Male
Greece,2019,17.3,Male
Greece,2019,18.7,Male
Greece,2019,21,Male
Greece,2019,21,Male
Greece,2019,22.1,Male
Greece,2019,22.2,Male
Greece,2019,22.7,Male
Greece,2019,22.1,Male
Hungary,1988,23.7,Male
Hungary,1988,23.6,Male
Hungary,1988,24.1,Male
Hungary,1988,22.1,Male
Hungary,1988,26.2,Male
Hungary,1988,23.6,Male
Hungary,1988,24.4,Male
Hungary,1988,26,Male
Hungary,1988,24.3,Male
Hungary,2000,26.9,Male
Hungary,2000,25.7,Male
Hungary,2000,27.4,Male
Hungary,2000,26.2,Male
Hungary,2000,27,Male
Hungary,2000,40.6,Male
Hungary,2000,43.3,Male
Hungary,2000,32,Female
Hungary,2000,36,Female
Hungary,2003,45,Female
Hungary,2003,45,Female
Hungary,2003,48.6,Female
Hungary,2003,48.7,Female
Hungary,2003,50.4,Female
Hungary,2003,52,Female
Hungary,2003,52.5,Female
Hungary,2003,53.3,Female
Hungary,2003,53.9,Female
Hungary,2009,55.2,Female
Hungary,2009,56.4,Female
Hungary,2009,56.5,Female
Hungary,2009,55.6,Female
Hungary,2009,57.1,Female
Hungary,2009,56.3,Female
Hungary,2009,56.1,Female
Hungary,2009,56.4,Female
Hungary,2009,56.9,Female
Hungary,2009,56.7,Female
Hungary,2009,57.8,Female
Hungary,2009,58.4,Female
Hungary,2009,57.2,Female
Hungary,2009,57.2,Female
Hungary,2009,58.1,Female
Hungary,2009,58.1,Female
Hungary,2009,57.1,Female
Hungary,2009,61.5,Female
Hungary,2014,59.7,Female
Hungary,2014,60.4,Female
Hungary,2014,8,Female
Hungary,2014,12,Female
Hungary,2014,16,Female
Hungary,2014,16,Female
Hungary,2014,16.4,Female
Hungary,2014,17.3,Female
Hungary,2014,17.5,Female
Hungary,2014,18.4,Female
Hungary,2014,19.7,Female
Hungary,2014,21.2,Female
Hungary,2014,21.1,Female
Hungary,2014,21.4,Female
Hungary,2014,23.5,Female
Hungary,2014,22.8,Female
Hungary,2014,23,Female
Hungary,2014,23.2,Female
Hungary,2017,24.2,Female
Hungary,2017,24.2,Female
Hungary,2017,24.4,Female
Hungary,2017,24.9,Female
Hungary,2017,23.9,Female
Hungary,2017,26.1,Female
Hungary,2019,25.9,Female
Hungary,2019,25.1,Female
Hungary,2019,23.8,Female
Hungary,2019,26.8,Female
Hungary,2019,26.8,Female
Hungary,2019,26.6,Female
Hungary,2019,30,Female
Hungary,2019,29.2,Female
Hungary,2019,29.1,Female
Hungary,2019,44.4,Male
Hungary,2019,44.3,Male
Hungary,2019,44,Male
Hungary,2019,44.6,Male
Hungary,2019,45.2,Male
Hungary,2019,45.5,Male
Hungary,2019,43.9,Male
Hungary,2019,44.5,Male
Hungary,2019,46.6,Male
Iceland,1990,43.4,Male
Iceland,1990,43.2,Male
Iceland,1990,43.9,Male
Iceland,1990,42.6,Male
Iceland,1990,43.4,Male
Iceland,1990,41.4,Male
Iceland,1990,41.8,Male
Iceland,1990,43.7,Male
Iceland,1990,41.6,Male
Iceland,2002,41.4,Male
Iceland,2002,42.2,Male
Iceland,2002,41.1,Male
Iceland,2002,41,Male
Iceland,2002,40.9,Male
Iceland,2002,39.9,Male
Iceland,2002,39.8,Male
Iceland,2002,40.8,Male
Iceland,2002,41.2,Male
Iceland,2007,35.2,Total
Iceland,2007,37.8,Total
Iceland,2007,29.9,Female
Iceland,2007,32.5,Female
Iceland,2007,63.8,Total
Iceland,2007,20.1,Total
Iceland,2007,21,Total
Iceland,2007,25.9,Total
Iceland,2007,7,Total
Iceland,2010,10,Total
Iceland,2010,14,Total
Iceland,2010,14,Total
Iceland,2010,14.9,Total
Iceland,2010,15.7,Total
Iceland,2010,16.4,Total
Iceland,2010,17.5,Total
Iceland,2010,18.4,Total
Iceland,2010,19.4,Total
Iceland,2012,20,Total
Iceland,2012,21.2,Total
Iceland,2012,22.4,Total
Iceland,2012,22.5,Total
Iceland,2012,22.6,Total
Iceland,2012,22.9,Total
Iceland,2012,23.2,Total
Iceland,2012,23.9,Total
Iceland,2012,24,Total
Iceland,2015,24.5,Total
Iceland,2015,23,Total
Iceland,2015,26.1,Total
Iceland,2015,24.8,Total
Iceland,2015,24.7,Total
Iceland,2015,24.9,Total
Iceland,2015,25.6,Total
Iceland,2015,26.9,Total
Iceland,2015,26.2,Total
Iceland,2019,28.7,Total
Iceland,2019,27.7,Total
Iceland,2019,28,Total
Iceland,2019,36,Total
Iceland,2019,41,Total
Iceland,2019,49,Total
Iceland,2019,50,Total
Iceland,2019,52.9,Total
Iceland,2019,53.1,Total
Ireland,1998,54.5,Total
Ireland,1998,56.2,Total
Ireland,1998,56.9,Total
Ireland,1998,57.7,Total
Ireland,1998,57.9,Total
Ireland,1998,60,Total
Ireland,1998,61.6,Total
Ireland,1998,60.6,Total
Ireland,1998,60.5,Total
Ireland,2002,61.8,Total
Ireland,2002,60.5,Total
Ireland,2002,61.6,Total
Ireland,2002,60.8,Total
Ireland,2002,61.4,Total
Ireland,2002,61.3,Total
Ireland,2002,62.8,Total
Ireland,2002,61.7,Total
Ireland,2002,61.9,Total
Ireland,2007,62.1,Total
Ireland,2007,61.7,Total
Ireland,2007,62.9,Total
Ireland,2007,61.4,Total
Ireland,2007,64.3,Total
Ireland,2007,63.3,Total
Ireland,2007,64.2,Total
Ireland,2007,24,Female
Ireland,2007,24,Female
Ireland,2007,29,Female
Ireland,2007,29,Female
Ireland,2007,32.2,Female
Ireland,2007,31.4,Female
Ireland,2007,32.9,Female
Ireland,2007,33.6,Female
Ireland,2007,32.8,Female
Ireland,2007,32.1,Female
Ireland,2007,32.8,Female
Ireland,2015,33.8,Female
Ireland,2015,32.9,Female
Ireland,2015,33.7,Female
Ireland,2015,32.6,Female
Ireland,2015,33.9,Female
Ireland,2015,32.1,Female
Ireland,2015,31.9,Female
Ireland,2015,32,Female
Ireland,2015,32,Female
Ireland,2015,32.8,Female
Ireland,2015,31.7,Female
Ireland,2015,32.5,Female
Ireland,2015,32.1,Female
Ireland,2015,33.3,Female
Ireland,2015,31.4,Female
Ireland,2015,31.2,Female
Ireland,2015,30.5,Female
Ireland,2015,31.5,Female
Ireland,2017,30.5,Female
Ireland,2017,31.3,Female
Ireland,2017,20.4,Female
Ireland,2017,21.6,Female
Ireland,2017,25.4,Female
Ireland,2017,59,Female
Ireland,2017,29,Total
Ireland,2017,31,Total
Ireland,2017,35,Total
Ireland,2019,36,Total
Ireland,2019,38,Total
Ireland,2019,37.4,Total
Ireland,2019,38.1,Total
Ireland,2019,38.7,Total
Ireland,2019,38.5,Total
Ireland,2019,38.3,Total
Ireland,2019,38,Total
Ireland,2019,38.8,Total
Ireland,2019,39.2,Total
Ireland,2019,38.1,Total
Ireland,2019,37.9,Total
Ireland,2019,38.8,Total
Ireland,2019,37.3,Total
Ireland,2019,37.6,Total
Ireland,2019,36.7,Total
Ireland,2019,36.9,Total
Ireland,2019,38.3,Total
Ireland,2022,36.7,Total
Ireland,2022,36.9,Total
Ireland,2022,37.1,Total
Ireland,2022,37.2,Total
Ireland,2022,36.2,Total
Ireland,2022,36.1,Total
Ireland,2022,35.2,Total
Ireland,2022,35.6,Total
Ireland,2022,35.5,Total
Italy,1994,36.2,Total
Italy,1994,19.8,Male
Italy,1994,20.3,Male
Italy,1994,26.5,Male
Italy,1994,39,Male
Italy,1994,45,Male
Italy,1994,53,Male
Italy,1994,54,Male
Italy,1994,57.6,Male
Italy,1999,58.1,Male
Italy,1999,59.3,Male
Italy,1999,61,Male
Italy,1999,62.2,Male
Italy,1999,62.8,Male
Italy,1999,62.6,Male
Italy,1999,65.5,Male
Italy,1999,67.6,Male
Italy,1999,65.5,Male
Italy,2000,65.4,Male
Italy,2000,66.6,Male
Italy,2000,64.7,Male
Italy,2000,67.1,Male
Italy,2000,65.1,Male
Italy,2000,65.9,Male
Italy,2000,65.8,Male
Italy,2000,67.8,Male
Italy,2000,65,Male
Italy,2001,66.6,Male
Italy,2001,67.1,Male
Italy,2001,65.3,Male
Italy,2001,67.8,Male
Italy,2001,65.7,Male
Italy,2001,67.2,Male
Italy,2001,66.9,Male
Italy,2001,68.2,Male
Italy,2001,62.4,Male
Italy,2002,64.9,Male
Italy,2002,62.9,Male
Italy,2002,65.7,Male
Italy,2002,65.8,Male
Italy,2002,48.1,Male
Italy,2002,47.2,Male
Italy,2002,45.6,Male
Italy,2002,47.6,Male
Italy,2002,49.2,Male
Italy,2003,34.9,Female
Italy,2003,34.8,Female
Italy,2003,31.7,Female
Italy,2003,31.7,Female
Italy,2003,33.2,Female
Italy,2003,57.7,Total
Italy,2003,58.3,Total
Italy,2003,55.8,Total
Italy,2003,56.2,Total
Italy,2005,57.2,Total
Italy,2005,16.4,Total
Italy,2005,17.6,Total
Italy,2005,17.3,Total
Italy,2005,17,Total
Italy,2005,16.4,Total
Italy,2005,41.3,Total
Italy,2005,40.7,Total
Italy,2005,38.5,Total
Italy,2006,39.2,Total
Italy,2006,40.8,Total
Italy,2006,18.3,Female
Italy,2006,17.6,Female
Italy,2006,17.3,Female
Italy,2006,16.1,Female
Italy,2006,16.2,Female
Italy,2006,53.2,Female
Italy,2006,52.4,Female
Italy,2007,49,Female
Italy,2007,47.8,Female
Italy,2007,49.4,Female
Italy,2007,14.3,Male
Italy,2007,17.6,Male
Italy,2007,17.3,Male
Italy,2007,18.1,Male
Italy,2007,16.6,Male
Italy,2007,46.8,Female
Italy,2008,57.6,Female
Italy,2008,45.8,Male
Italy,2008,48.7,Male
Italy,2008,6.2,Male
Italy,2008,6.5,Male
Italy,2008,6.9,Male
Italy,2008,7.3,Male
Italy,2008,7.7,Male
Italy,2008,8.1,Male
Italy,2009,8.5,Male
Italy,2009,8.9,Male
Italy,2009,9.3,Male
Italy,2009,9.7,Male
Italy,2009,10.2,Male
Italy,2009,10.6,Male
Italy,2009,11,Male
Italy,2009,11.4,Male
Italy,2009,11.8,Male
Italy,2010,12.3,Male
Italy,2010,12.7,Male
Italy,2010,13.1,Male
Italy,2010,13.6,Male
Italy,2010,14,Male
Italy,2010,14.4,Male
Italy,2010,14.9,Male
Italy,2010,15.3,Male
Italy,2010,15.8,Male
Italy,2011,16.2,Male
Italy,2011,16.7,Male
Italy,2011,17.2,Male
Italy,2011,17.7,Male
Italy,2011,18.2,Male
Italy,2011,18.7,Male
Italy,2011,19.2,Male
Italy,2011,19.8,Male
Italy,2011,20.3,Male
Italy,2012,20.9,Male
Italy,2012,21.5,Male
Italy,2012,22.1,Male
Italy,2012,22.7,Male
Italy,2012,23.4,Male
Italy,2012,24,Male
Italy,2012,24.6,Male
Italy,2012,25.3,Male
Italy,2012,26,Male
Italy,2013,12.3,Female
Italy,2013,12.7,Female
Italy,2013,13.1,Female
Italy,2013,13.6,Female
Italy,2013,14,Female
Italy,2013,14.5,Female
Italy,2013,14.9,Female
Italy,2013,15.4,Female
Italy,2013,15.8,Female
Italy,2014,16.2,Female
Italy,2014,16.6,Female
Italy,2014,16.9,Female
Italy,2014,17.3,Female
Italy,2014,17.6,Female
Italy,2014,18,Female
Italy,2014,18.3,Female
Italy,2014,18.6,Female
Italy,2014,19,Female
Italy,2015,19.3,Female
Italy,2015,19.6,Female
Italy,2015,19.9,Female
Italy,2015,20.2,Female
Italy,2015,20.5,Female
Italy,2015,20.8,Female
Italy,2015,21.2,Female
Italy,2015,21.5,Female
Italy,2015,21.8,Female
Italy,2016,22.1,Female
Italy,2016,22.5,Female
Italy,2016,22.8,Female
Italy,2016,23.2,Female
Italy,2016,23.6,Female
Italy,2016,24,Female
Italy,2016,24.5,Female
Italy,2016,24.9,Female
Italy,2016,25.4,Female
Italy,2017,25.8,Female
Italy,2017,26.3,Female
Italy,2017,26.7,Female
Italy,2017,27.2,Female
Italy,2017,27.7,Female
Italy,2017,28.2,Female
Italy,2017,20.1,Male
Italy,2017,23.3,Male
Italy,2017,30.6,Female
Italy,2018,35.4,Female
Italy,2018,55.8,Total
Italy,2018,63.8,Total
Italy,2018,18,Total
Italy,2018,22.6,Total
Italy,2018,16.2,Female
Italy,2018,22.2,Female
Italy,2018,37.8,Total
Italy,2018,41.2,Total
Italy,2019,9.4,Total
Italy,2019,9.8,Total
Italy,2019,10.2,Total
Italy,2019,10.6,Total
Italy,2019,11,Total
Italy,2019,11.5,Total
Italy,2019,11.9,Total
Italy,2019,12.3,Total
Italy,2019,12.8,Total
Italy,2020,13.2,Total
Italy,2020,13.6,Total
Italy,2020,13.9,Total
Italy,2020,14.3,Total
Italy,2020,14.7,Total
Italy,2020,15.1,Total
Italy,2020,15.4,Total
Italy,2020,15.8,Total
Italy,2020,16.2,Total
Italy,2021,16.6,Total
Italy,2021,16.9,Total
Italy,2021,17.3,Total
Italy,2021,17.7,Total
Italy,2021,18.1,Total
Italy,2021,18.4,Total
Italy,2021,18.8,Total
Italy,2021,19.2,Total
Italy,2021,19.6,Total
Latvia,1998,20,Total
Latvia,1998,20.4,Total
Latvia,1998,20.9,Total
Latvia,1998,21.3,Total
Latvia,1998,21.8,Total
Latvia,1998,22.3,Total
Latvia,1998,22.8,Total
Latvia,1998,23.3,Total
Latvia,1998,23.8,Total
Latvia,2000,24.4,Total
Latvia,2000,24.9,Total
Latvia,2000,25.4,Total
Latvia,2000,26,Total
Latvia,2000,26.5,Total
Latvia,2000,27.1,Total
Latvia,2000,65.9,Male
Latvia,2000,72,Male
Latvia,2000,36.9,Male
Latvia,2002,36.5,Male
Latvia,2002,36.6,Male
Latvia,2002,40.1,Male
Latvia,2002,18,Male
Latvia,2002,19.6,Male
Latvia,2002,21.4,Male
Latvia,2002,22,Male
Latvia,2002,20.4,Male
Latvia,2002,25.1,Male
Latvia,2004,10,Male
Latvia,2004,26.3,Male
Latvia,2004,28.2,Male
Latvia,2004,35.8,Male
Latvia,2004,38.5,Male
Latvia,2004,38.7,Male
Latvia,2004,38.6,Male
Latvia,2004,39.4,Male
Latvia,2004,42.5,Male
Latvia,2006,40.1,Male
Latvia,2006,46.9,Male
Latvia,2006,62.7,Male
Latvia,2006,64.8,Male
Latvia,2006,76,Male
Latvia,2006,44.5,Female
Latvia,2006,60.7,Female
Latvia,2006,60,Female
Latvia,2006,60,Female
Latvia,2008,18.5,Female
Latvia,2008,18,Female
Latvia,2008,18.8,Female
Latvia,2008,20.4,Female
Latvia,2008,19.7,Female
Latvia,2008,22.7,Female
Latvia,2008,56.5,Male
Latvia,2008,58.3,Male
Latvia,2008,60,Male
Latvia,2010,61.4,Male
Latvia,2010,65.2,Male
Latvia,2010,28.5,Female
Latvia,2010,29.8,Female
Latvia,2010,30.2,Female
Latvia,2010,27.8,Female
Latvia,2010,30.8,Female
Latvia,2010,29.2,Female
Latvia,2010,16.3,Female
Latvia,2012,30.4,Female
Latvia,2012,31.5,Female
Latvia,2012,30.8,Female
Latvia,2012,45.7,Total
Latvia,2012,61.6,Total
Latvia,2012,62.3,Total
Latvia,2012,67.6,Total
Latvia,2012,33.2,Total
Latvia,2012,34,Total
Latvia,2014,34.1,Total
Latvia,2014,33.3,Total
Latvia,2014,36.3,Total
Latvia,2014,34.3,Total
Latvia,2014,32.6,Total
Latvia,2014,33.2,Total
Latvia,2014,32.3,Total
Latvia,2014,34.4,Total
Latvia,2014,18.2,Total
Latvia,2014,18.8,Total
Latvia,2014,20,Total
Latvia,2014,21.2,Total
Latvia,2014,20,Total
Latvia,2014,23.9,Total
Latvia,2014,13.2,Total
Latvia,2014,28.5,Total
Latvia,2014,30,Total
Latvia,2014,33.2,Total
Latvia,2016,28.2,Female
Latvia,2016,30.3,Female
Latvia,2016,28.5,Female
Latvia,2016,29.2,Female
Latvia,2016,51.4,Total
Latvia,2016,52.8,Total
Latvia,2016,54.1,Total
Latvia,2016,54.5,Total
Latvia,2016,58.2,Total
Latvia,2017,47,Female
Latvia,2017,47.8,Female
Latvia,2017,49,Female
Latvia,2017,48.2,Female
Latvia,2017,51.9,Female
Latvia,2017,25,Female
Latvia,2018,28,Female
Latvia,2018,28,Female
Latvia,2018,29,Female
Latvia,2018,24,Female
Latvia,2018,30,Female
Latvia,2018,10,Female
Latvia,2018,14,Female
Latvia,2018,13,Female
Latvia,2018,16,Female
Latvia,2020,25,Female
Latvia,2020,20,Female
Latvia,2020,43,Total
Latvia,2020,48,Total
Latvia,2020,51,Total
Latvia,2020,53,Total
Latvia,2020,56,Total
Latvia,2020,56,Total
Latvia,2020,24,Female
Latvia,2022,22,Female
Latvia,2022,22,Female
Latvia,2022,23,Female
Latvia,2022,32,Total
Latvia,2022,33,Total
Latvia,2022,36,Total
Latvia,2022,35,Total
Latvia,2022,30,Total
Latvia,2022,35,Total
Lithuania,2005,45,Male
Lithuania,2005,43,Male
Lithuania,2005,46,Male
Lithuania,2005,42,Male
Lithuania,2005,39,Male
Lithuania,2005,38,Male
Lithuania,2005,43,Male
Lithuania,2005,41,Male
Lithuania,2005,35,Male
Lithuania,2014,40,Male
Lithuania,2014,61,Total
Lithuania,2014,61,Total
Lithuania,2014,62,Total
Lithuania,2014,61,Total
Lithuania,2014,56,Female
Lithuania,2014,54,Female
Lithuania,2014,54,Female
Lithuania,2014,55,Female
Lithuania,2017,11,Total
Lithuania,2017,15,Total
Lithuania,2017,15,Total
Lithuania,2017,18,Total
Lithuania,2017,26,Total
Lithuania,2017,21,Total
Lithuania,2019,22,Male
Lithuania,2019,25,Male
Lithuania,2019,24,Male
Lithuania,2019,24,Male
Lithuania,2019,51,Male
Lithuania,2019,53,Male
Lithuania,2019,59,Male
Lithuania,2019,61,Male
Lithuania,2019,61,Male
Lithuania,2022,63,Male
Lithuania,2022,67,Male
Lithuania,2022,68,Male
Lithuania,2022,70,Male
Lithuania,2022,66,Male
Lithuania,2022,38,Total
Lithuania,2022,37,Total
Lithuania,2022,39,Total
Lithuania,2022,37,Total
Luxembourg,2014,35,Female
Luxembourg,2014,42,Female
Luxembourg,2014,41,Female
Luxembourg,2014,45,Female
Luxembourg,2014,49,Female
Luxembourg,2014,50,Female
Luxembourg,2014,23,Total
Luxembourg,2014,23,Total
Luxembourg,2014,23,Total
Luxembourg,2017,23,Total
Luxembourg,2017,12,Male
Luxembourg,2017,15,Male
Luxembourg,2017,16,Male
Luxembourg,2017,20,Male
Luxembourg,2017,26,Male
Luxembourg,2019,23,Male
Luxembourg,2019,32,Female
Luxembourg,2019,31,Female
Luxembourg,2019,32,Female
Luxembourg,2019,33,Female
Luxembourg,2019,8.5,Female
Luxembourg,2019,12.4,Female
Luxembourg,2019,21.3,Female
Luxembourg,2019,19.3,Female
Netherlands,1981,23.1,Female
Netherlands,1981,18,Female
Netherlands,1981,19.4,Female
Netherlands,1981,25.5,Female
Netherlands,1981,28,Female
Netherlands,1981,32.2,Female
Netherlands,1981,31.1,Female
Netherlands,1981,33.5,Female
Netherlands,1981,29.1,Female
Netherlands,1982,30.5,Female
Netherlands,1982,32.5,Male
Netherlands,1982,44.6,Male
Netherlands,1982,47.7,Male
Netherlands,1982,44,Male
Netherlands,1982,48.6,Male
Netherlands,1982,45,Male
Netherlands,1982,44.7,Male
Netherlands,1982,7.5,Total
Netherlands,1983,12.4,Total
Netherlands,1983,20.1,Total
Netherlands,1983,21,Total
Netherlands,1983,22.2,Total
Netherlands,1983,18.1,Total
Netherlands,1983,21.4,Total
Netherlands,1983,29,Total
Netherlands,1983,35.9,Total
Netherlands,1983,40.1,Total
Netherlands,1984,37.5,Total
Netherlands,1984,41.1,Total
Netherlands,1984,37.2,Total
Netherlands,1984,37.2,Total
Netherlands,1984,39,Male
Netherlands,1984,57,Male
Netherlands,1984,66.6,Male
Netherlands,1984,66.7,Male
Netherlands,1984,69.9,Male
Netherlands,1985,63.1,Male
Netherlands,1985,68.3,Male
Netherlands,1985,6.5,Male
Netherlands,1985,12.4,Male
Netherlands,1985,18.9,Male
Netherlands,1985,22.7,Male
Netherlands,1985,21.3,Male
Netherlands,1985,18.1,Male
Netherlands,1985,23.6,Male
Netherlands,1986,36.5,Total
Netherlands,1986,48.3,Total
Netherlands,1986,60.2,Total
Netherlands,1986,58.5,Total
Netherlands,1986,63.3,Total
Netherlands,1986,55.3,Total
Netherlands,1986,58.5,Total
Netherlands,1986,34,Female
Netherlands,1986,40.4,Female
Netherlands,1987,53.5,Female
Netherlands,1987,50.4,Female
Netherlands,1987,56.6,Female
Netherlands,1987,47.1,Female
Netherlands,1987,49.9,Female
Netherlands,1987,31.1,Total
Netherlands,1987,32.4,Total
Netherlands,1987,32.5,Total
Netherlands,1987,33.9,Total
Netherlands,1988,33.5,Total
Netherlands,1988,33.6,Total
Netherlands,1988,34.7,Total
Netherlands,1988,35,Total
Netherlands,1988,35.6,Total
Netherlands,1988,35.6,Total
Netherlands,1988,36.1,Total
Netherlands,1988,35.6,Total
Netherlands,1988,35.8,Total
Netherlands,1989,35.6,Total
Netherlands,1989,35.5,Total
Netherlands,1989,36.2,Total
Netherlands,1989,35.3,Total
Netherlands,1989,35.5,Total
Netherlands,1989,35.4,Total
Netherlands,1989,35.4,Total
Netherlands,1989,35.4,Total
Netherlands,1989,36.1,Total
Netherlands,1990,34.2,Total
Netherlands,1990,38.1,Total
Netherlands,1990,41.2,Total
Netherlands,1990,41.1,Total
Netherlands,1990,42.4,Total
Netherlands,1990,42,Total
Netherlands,1990,42.6,Total
Netherlands,1990,44.6,Total
Netherlands,1990,45.1,Total
Netherlands,1991,45.5,Total
Netherlands,1991,45.5,Total
Netherlands,1991,46.3,Total
Netherlands,1991,46,Total
Netherlands,1991,45.8,Total
Netherlands,1991,46,Total
Netherlands,1991,45.8,Total
Netherlands,1991,46.4,Total
Netherlands,1991,45.2,Total
Netherlands,1992,45.9,Total
Netherlands,1992,46,Total
Netherlands,1992,46.1,Total
Netherlands,1992,46.4,Total
Netherlands,1992,47.6,Total
Netherlands,1992,46.2,Total
Netherlands,1992,7,Total
Netherlands,1992,8.8,Total
Netherlands,1992,8.6,Total
Netherlands,1993,8.5,Total
Netherlands,1993,8.5,Total
Netherlands,1993,9,Total
Netherlands,1993,9.9,Total
Netherlands,1993,10.2,Total
Netherlands,1993,9.9,Total
Netherlands,1993,9.9,Total
Netherlands,1993,10.3,Total
Netherlands,1993,10.3,Total
Netherlands,1994,10,Total
Netherlands,1994,10.4,Total
Netherlands,1994,10.3,Total
Netherlands,1994,10.3,Total
Netherlands,1994,9.8,Total
Netherlands,1994,10.4,Total
Netherlands,1994,10.6,Total
Netherlands,1994,10.7,Total
Netherlands,1994,11,Total
Netherlands,1995,11.5,Total
Netherlands,1995,12,Total
Netherlands,1995,6.7,Female
Netherlands,1995,8.8,Female
Netherlands,1995,8.4,Female
Netherlands,1995,8.4,Female
Netherlands,1995,8.3,Female
Netherlands,1995,8.7,Female
Netherlands,1995,9.7,Female
Netherlands,1996,10,Female
Netherlands,1996,9.2,Female
Netherlands,1996,9.1,Female
Netherlands,1996,9.3,Female
Netherlands,1996,9.6,Female
Netherlands,1996,9.4,Female
Netherlands,1996,9.5,Female
Netherlands,1996,9.3,Female
Netherlands,1996,9.7,Female
Netherlands,1997,9,Female
Netherlands,1997,9.8,Female
Netherlands,1997,9.4,Female
Netherlands,1997,9.8,Female
Netherlands,1997,10.3,Female
Netherlands,1997,10.8,Female
Netherlands,1997,11.1,Female
Netherlands,1997,38.3,Male
Netherlands,1997,40.5,Male
Netherlands,1998,40.3,Male
Netherlands,1998,42.6,Male
Netherlands,1998,42.2,Male
Netherlands,1998,42.1,Male
Netherlands,1998,43.9,Male
Netherlands,1998,43.8,Male
Netherlands,1998,44.3,Male
Netherlands,1998,44.7,Male
Netherlands,1998,45.2,Male
Netherlands,1999,44.3,Male
Netherlands,1999,45.5,Male
Netherlands,1999,44.2,Male
Netherlands,1999,44.1,Male
Netherlands,1999,44.8,Male
Netherlands,1999,44,Male
Netherlands,1999,44.6,Male
Netherlands,1999,43,Male
Netherlands,1999,43.5,Male
Netherlands,2000,43.3,Male
Netherlands,2000,43.9,Male
Netherlands,2000,42.1,Male
Netherlands,2000,31.1,Female
Netherlands,2000,33.7,Female
Netherlands,2000,33.5,Female
Netherlands,2000,34.2,Female
Netherlands,2000,33.7,Female
Netherlands,2000,34.5,Female
Netherlands,2001,35.9,Female
Netherlands,2001,36.7,Female
Netherlands,2001,36.8,Female
Netherlands,2001,36.3,Female
Netherlands,2001,37,Female
Netherlands,2001,37.2,Female
Netherlands,2001,36.1,Female
Netherlands,2001,37.1,Female
Netherlands,2001,36.8,Female
Netherlands,2002,37.9,Female
Netherlands,2002,36.3,Female
Netherlands,2002,36.9,Female
Netherlands,2002,37.8,Female
Netherlands,2002,37.6,Female
Netherlands,2002,38.4,Female
Netherlands,2002,39.6,Female
Netherlands,2002,37.9,Female
Netherlands,2002,24.4,Female
Netherlands,2003,24.9,Female
Netherlands,2003,25.1,Female
Netherlands,2003,25.8,Female
Netherlands,2003,25.4,Female
Netherlands,2003,25.8,Female
Netherlands,2003,26.2,Female
Netherlands,2003,26.8,Female
Netherlands,2003,27.6,Female
Netherlands,2003,27.1,Female
Netherlands,2004,27.7,Female
Netherlands,2004,27.6,Female
Netherlands,2004,26.8,Female
Netherlands,2004,27.6,Female
Netherlands,2004,27.5,Female
Netherlands,2004,28.2,Female
Netherlands,2004,27.3,Female
Netherlands,2004,27.2,Female
Netherlands,2004,28.4,Female
Netherlands,2005,27.9,Female
Netherlands,2005,28.1,Female
Netherlands,2005,28.8,Female
Netherlands,2005,26.8,Female
Netherlands,2005,7.2,Male
Netherlands,2005,8.8,Male
Netherlands,2005,8.8,Male
Netherlands,2005,8.6,Male
Netherlands,2005,8.8,Male
Netherlands,2006,9.3,Male
Netherlands,2006,10.2,Male
Netherlands,2006,10.4,Male
Netherlands,2006,10.6,Male
Netherlands,2006,10.8,Male
Netherlands,2006,11.3,Male
Netherlands,2006,11.1,Male
Netherlands,2006,10.7,Male
Netherlands,2006,11.3,Male
Netherlands,2007,11.5,Male
Netherlands,2007,10.8,Male
Netherlands,2007,10.8,Male
Netherlands,2007,11.1,Male
Netherlands,2007,11.8,Male
Netherlands,2007,11.7,Male
Netherlands,2007,11.7,Male
Netherlands,2007,12.3,Male
Netherlands,2007,12.9,Male
Netherlands,2008,45.5,Male
Netherlands,2008,49.3,Male
Netherlands,2008,49.1,Male
Netherlands,2008,51.2,Male
Netherlands,2008,51,Male
Netherlands,2008,51.3,Male
Netherlands,2008,54,Male
Netherlands,2008,54.2,Male
Netherlands,2008,54.9,Male
Netherlands,2009,55.4,Male
Netherlands,2009,56.5,Male
Netherlands,2009,55.5,Male
Netherlands,2009,56.2,Male
Netherlands,2009,55.5,Male
Netherlands,2009,55.6,Male
Netherlands,2009,55.6,Male
Netherlands,2009,54.7,Male
Netherlands,2009,55.7,Male
Netherlands,2010,54.8,Male
Netherlands,2010,55.2,Male
Netherlands,2010,55,Male
Netherlands,2010,56.3,Male
Netherlands,2010,55,Male
Netherlands,2010,47,Female
Netherlands,2010,51.5,Female
Netherlands,2010,52.4,Female
Netherlands,2010,54.9,Female
Netherlands,2011,38,Male
Netherlands,2011,41.9,Male
Netherlands,2011,45.3,Male
Netherlands,2011,41.8,Male
Netherlands,2011,43.1,Male
Netherlands,2011,11.4,Male
Netherlands,2011,13.4,Male
Netherlands,2011,15.5,Male
Netherlands,2011,16.4,Male
Netherlands,2012,19.8,Male
Netherlands,2012,18.2,Female
Netherlands,2012,19.2,Female
Netherlands,2012,18.9,Female
Netherlands,2012,19.9,Female
Netherlands,2012,20.7,Female
Netherlands,2012,48.1,Total
Netherlands,2012,53.3,Total
Netherlands,2012,55,Total
Netherlands,2013,58.5,Total
Netherlands,2013,15.1,Total
Netherlands,2013,16.6,Total
Netherlands,2013,17.4,Total
Netherlands,2013,18.3,Total
Netherlands,2013,20.3,Total
Netherlands,2013,28.8,Female
Netherlands,2013,32.3,Female
Netherlands,2013,33.6,Female
Netherlands,2014,32.5,Female
Netherlands,2014,34.2,Female
Netherlands,2014,49.4,Male
Netherlands,2014,55.3,Male
Netherlands,2014,58.2,Male
Netherlands,2014,63,Male
Netherlands,2014,33,Total
Netherlands,2014,36.7,Total
Netherlands,2014,38.8,Total
Netherlands,2015,36.7,Total
Netherlands,2015,38.2,Total
Netherlands,2015,25.4,Female
Netherlands,2015,27,Female
Netherlands,2015,23.8,Female
Netherlands,2015,39.8,Female
Netherlands,2015,38.4,Female
Netherlands,2015,14.4,Female
Netherlands,2015,14.3,Female
Netherlands,2016,14.6,Female
Netherlands,2016,39.6,Male
Netherlands,2016,39.6,Male
Netherlands,2016,40.1,Male
Netherlands,2016,16.8,Male
Netherlands,2016,17.8,Male
Netherlands,2016,18.4,Male
Netherlands,2016,48,Total
Netherlands,2016,48.4,Total
Netherlands,2017,15.6,Total
Netherlands,2017,16,Total
Netherlands,2017,16.5,Total
Netherlands,2017,56.4,Male
Netherlands,2017,58.5,Male
Netherlands,2017,32.4,Total
Netherlands,2017,33.3,Total
Netherlands,2017,31.9,Total
Netherlands,2017,39.2,Male
Netherlands,2018,41.1,Male
Netherlands,2018,39.8,Male
Netherlands,2018,42,Male
Netherlands,2018,44.6,Male
Netherlands,2018,51.1,Male
Netherlands,2018,44.8,Male
Netherlands,2018,52.1,Male
Netherlands,2018,54,Male
Netherlands,2018,56.3,Male
Netherlands,2019,56.2,Male
Netherlands,2019,58.5,Male
Netherlands,2019,57.6,Male
Netherlands,2019,60,Male
Netherlands,2019,9.6,Male
Netherlands,2019,8,Male
Netherlands,2019,9.5,Male
Netherlands,2019,11.9,Male
Netherlands,2019,12.3,Male
Netherlands,2020,16.2,Male
Netherlands,2020,13,Male
Netherlands,2020,16.4,Male
Netherlands,2020,14.9,Male
Netherlands,2020,18.4,Male
Netherlands,2020,29.6,Male
Netherlands,2020,33.1,Male
Netherlands,2020,30.3,Male
Netherlands,2020,30.1,Male
Netherlands,2021,32.3,Male
Netherlands,2021,34.9,Male
Netherlands,2021,31.8,Male
Netherlands,2021,35.7,Male
Netherlands,2021,39.1,Male
Netherlands,2021,41,Male
Netherlands,2021,45.3,Female
Netherlands,2021,44.6,Female
Netherlands,2021,41.7,Female
Netherlands,2022,43.4,Female
Netherlands,2022,45.6,Female
Netherlands,2022,46.7,Female
Netherlands,2022,45.4,Female
Netherlands,2022,46.4,Female
Netherlands,2022,50.1,Female
Netherlands,2022,16.1,Male
Netherlands,2022,19.1,Male
Netherlands,2022,19.5,Male
Poland,1996,18.4,Male
Poland,1996,18.4,Male
Poland,1996,18.5,Female
Poland,1996,15,Female
Poland,1996,16.4,Female
Poland,1996,19.5,Female
Poland,1996,18.1,Female
Poland,1996,20.2,Female
Poland,1996,17.9,Female
Poland,2004,18.6,Female
Poland,2004,22.5,Female
Poland,2004,24.1,Female
Poland,2004,53,Female
Poland,2004,53.2,Female
Poland,2004,59,Female
Poland,2004,60,Female
Poland,2004,58.7,Female
Poland,2004,14.5,Total
Poland,2008,11.9,Total
Poland,2008,13.4,Total
Poland,2008,16.3,Total
Poland,2009,15.6,Total
Poland,2009,18.5,Total
Poland,2009,15.5,Total
Poland,2009,17.5,Total
Poland,2009,18.8,Total
Poland,2009,21.6,Total
Poland,2009,42.6,Total
Poland,2009,43,Total
Poland,2009,40.8,Total
Poland,2014,42.8,Total
Poland,2014,45.2,Total
Poland,2014,48.5,Total
Poland,2014,45.1,Total
Poland,2014,49.1,Total
Poland,2014,52,Total
Poland,2014,34,Total
Poland,2014,31.4,Total
Poland,2014,34.6,Total
Poland,2017,34.9,Total
Poland,2017,36.1,Total
Poland,2017,54.6,Total
Poland,2017,54.6,Total
Poland,2017,58.7,Total
Poland,2017,58.8,Total
Poland,2019,59.4,Total
Poland,2019,27.9,Female
Poland,2019,26.4,Female
Poland,2019,30.7,Female
Poland,2019,31.1,Female
Poland,2019,31,Female
Poland,2019,25.1,Female
Poland,2019,26.8,Female
Poland,2019,28.3,Female
Portugal,1996,28.9,Female
Portugal,1996,27.7,Female
Portugal,1996,26.8,Female
Portugal,1999,29.6,Female
Portugal,1999,25.2,Female
Portugal,1999,23.9,Female
Portugal,1999,27.5,Female
Portugal,1999,26.5,Female
Portugal,1999,27.5,Female
Portugal,1999,27.8,Female
Portugal,1999,27.6,Female
Portugal,1999,31.1,Female
Portugal,2006,40.2,Male
Portugal,2006,37.1,Male
Portugal,2006,39,Male
Portugal,2006,39.2,Male
Portugal,2006,41.6,Male
Portugal,2006,28.1,Total
Portugal,2006,31.1,Total
Portugal,2006,27.4,Total
Portugal,2006,26.5,Total
Portugal,2014,29.6,Total
Portugal,2014,30,Total
Portugal,2014,29.6,Total
Portugal,2014,31.6,Total
Portugal,2014,33.2,Total
Portugal,2014,35.4,Total
Portugal,2014,20.6,Total
Portugal,2014,23.2,Total
Portugal,2014,24.1,Total
Portugal,2015,23.9,Total
Portugal,2015,23.3,Total
Portugal,2015,5.1,Total
Portugal,2015,4.7,Total
Portugal,2015,4.8,Total
Portugal,2015,5.2,Total
Portugal,2015,5,Total
Portugal,2015,4.8,Total
Portugal,2015,5.3,Total
Portugal,2017,4.8,Total
Portugal,2017,6.3,Total
Portugal,2017,6.1,Total
Portugal,2017,5.8,Total
Portugal,2017,6.4,Total
Portugal,2017,6.1,Total
Portugal,2019,7,Total
Portugal,2019,6.9,Total
Portugal,2019,6.9,Total
Portugal,2019,8.1,Total
Portugal,2019,8.4,Total
Portugal,2019,8.7,Total
Portugal,2019,9.4,Total
Portugal,2019,9.3,Total
Portugal,2019,9.7,Total
Portugal,2022,10.7,Total
Portugal,2022,10.9,Total
Portugal,2022,10.7,Total
Portugal,2022,11.3,Total
Portugal,2022,11.2,Total
Portugal,2022,11.1,Total
Portugal,2022,11.8,Total
Portugal,2022,11.4,Total
Portugal,2022,11.4,Total
Slovak Republic,1993,12,Total
Slovak Republic,1993,11.1,Total
Slovak Republic,1993,13.3,Total
Slovak Republic,1998,12.8,Total
Slovak Republic,1998,13.6,Total
Slovak Republic,1998,13.4,Total
Slovak Republic,2003,14.4,Total
Slovak Republic,2003,14.1,Total
Slovak Republic,2003,13.4,Total
Slovak Republic,2003,13.9,Total
Slovak Republic,2003,14.6,Total
Slovak Republic,2003,28.2,Total
Slovak Republic,2003,28,Total
Slovak Republic,2003,28.5,Total
Slovak Republic,2003,28.2,Total
Slovak Republic,2004,28,Total
Slovak Republic,2004,29.4,Total
Slovak Republic,2004,29.6,Total
Slovak Republic,2004,29.2,Total
Slovak Republic,2004,29.1,Total
Slovak Republic,2004,28.8,Total
Slovak Republic,2004,29.3,Total
Slovak Republic,2004,30.1,Total
Slovak Republic,2004,30.3,Total
Slovak Republic,2005,31.3,Total
Slovak Republic,2005,31,Total
Slovak Republic,2005,32,Total
Slovak Republic,2005,32.4,Total
Slovak Republic,2005,32.1,Total
Slovak Republic,2005,33.6,Total
Slovak Republic,2005,34.7,Total
Slovak Republic,2005,35.5,Total
Slovak Republic,2005,35.1,Total
Slovak Republic,2008,35.4,Total
Slovak Republic,2008,35.6,Total
Slovak Republic,2008,34.2,Total
Slovak Republic,2008,35.2,Total
Slovak Republic,2008,34.3,Total
Slovak Republic,2008,35.7,Total
Slovak Republic,2008,35.4,Total
Slovak Republic,2008,36.8,Total
Slovak Republic,2008,36.8,Total
Slovak Republic,2008,35.9,Total
Slovak Republic,2008,34.5,Total
Slovak Republic,2008,34.9,Total
Slovak Republic,2009,34.7,Total
Slovak Republic,2009,34,Total
Slovak Republic,2009,33.9,Total
Slovak Republic,2009,34.1,Total
Slovak Republic,2009,34.3,Total
Slovak Republic,2009,35,Total
Slovak Republic,2009,34.6,Total
Slovak Republic,2009,34.1,Total
Slovak Republic,2009,29.6,Female
Slovak Republic,2014,29.4,Female
Slovak Republic,2014,30,Female
Slovak Republic,2014,28.9,Female
Slovak Republic,2014,28.2,Female
Slovak Republic,2014,30.9,Female
Slovak Republic,2014,30.7,Female
Slovak Republic,2014,30.2,Female
Slovak Republic,2014,32,Female
Slovak Republic,2014,30.6,Female
Slovak Republic,2019,31.1,Female
Slovak Republic,2019,32.6,Female
Slovak Republic,2019,32.2,Female
Slovak Republic,2019,32.8,Female
Slovak Republic,2019,34.7,Female
Slovak Republic,2019,35.7,Female
Slovak Republic,2019,36.6,Female
Slovak Republic,2019,37.2,Female
Slovak Republic,2019,37.8,Female
Slovenia,2007,40.4,Female
Slovenia,2007,39.6,Female
Slovenia,2007,39,Female
Slovenia,2007,41.1,Female
Slovenia,2007,41.9,Female
Slovenia,2007,39.6,Female
Slovenia,2007,41.9,Female
Slovenia,2007,39.9,Female
Slovenia,2007,41.4,Female
Slovenia,2014,41.9,Female
Slovenia,2014,42.9,Female
Slovenia,2014,43,Female
Slovenia,2014,42.3,Female
Slovenia,2014,41.1,Female
Slovenia,2014,44.5,Female
Slovenia,2014,43.7,Female
Slovenia,2014,45,Female
Slovenia,2014,44.2,Female
Slovenia,2019,45.7,Female
Slovenia,2019,43.9,Female
Slovenia,2019,45.5,Female
Slovenia,2019,46.1,Female
Slovenia,2019,45,Female
Slovenia,2019,33.3,Total
Slovenia,2019,32.7,Total
Slovenia,2019,33.3,Total
Slovenia,2019,33.4,Total
Spain,1987,33,Total
Spain,1987,34.2,Total
Spain,1987,34.9,Total
Spain,1987,34,Total
Spain,1987,35.4,Total
Spain,1987,34.9,Total
Spain,1987,35.1,Total
Spain,1987,36.5,Total
Spain,1987,36.4,Total
Spain,1993,38.3,Total
Spain,1993,37.9,Total
Spain,1993,38.9,Total
Spain,1993,40.5,Total
Spain,1993,40.5,Total
Spain,1993,42.3,Total
Spain,1993,44.1,Total
Spain,1993,44.8,Total
Spain,1993,44.8,Total
Spain,1995,46.1,Total
Spain,1995,46.5,Total
Spain,1995,44.9,Total
Spain,1995,46.5,Total
Spain,1995,45.5,Total
Spain,1995,46.9,Total
Spain,1995,47.2,Total
Spain,1995,48.2,Total
Spain,1995,48.2,Total
Spain,1997,47.9,Total
Spain,1997,45.6,Total
Spain,1997,48.2,Total
Spain,1997,47.4,Total
Spain,1997,47.6,Total
Spain,1997,47.3,Total
Spain,1997,48.5,Total
Spain,1997,48.4,Total
Spain,1997,48.4,Total
Spain,2001,48.5,Total
Spain,2001,48.7,Total
Spain,2001,4,Male
Spain,2001,3.5,Male
Spain,2001,3.8,Male
Spain,2001,3.9,Male
Spain,2001,3.7,Male
Spain,2001,3.5,Male
Spain,2001,4.2,Male
Spain,2003,3.6,Male
Spain,2003,5,Male
Spain,2003,5.3,Male
Spain,2003,5,Male
Spain,2003,4.8,Male
Spain,2003,5.5,Male
Spain,2003,6.7,Male
Spain,2003,5.6,Male
Spain,2003,5.9,Male
Spain,2006,6.8,Male
Spain,2006,6.8,Male
Spain,2006,7.2,Male
Spain,2006,8.6,Male
Spain,2006,8.3,Male
Spain,2006,8.6,Male
Spain,2006,9.3,Male
Spain,2006,9.6,Male
Spain,2006,9.9,Male
Spain,2009,9.8,Male
Spain,2009,10.2,Male
Spain,2009,10.1,Male
Spain,2009,11.2,Male
Spain,2009,10.2,Male
Spain,2009,10.2,Male
Spain,2009,11.2,Male
Spain,2009,10,Male
Spain,2009,11.6,Male
Spain,2011,11.3,Male
Spain,2011,11.4,Male
Spain,2011,12,Male
Spain,2011,12.6,Male
Spain,2011,12.6,Male
Spain,2011,11.9,Male
Spain,2011,11.6,Male
Spain,2011,13.7,Male
Spain,2011,37.1,Male
Spain,2014,36.3,Male
Spain,2014,36.6,Male
Spain,2014,38.2,Male
Spain,2014,38,Male
Spain,2014,37.6,Male
Spain,2014,39.4,Male
Spain,2014,37.8,Male
Spain,2014,39,Male
Spain,2014,39.6,Male
Spain,2017,39.3,Male
Spain,2017,40.6,Male
Spain,2017,40.7,Male
Spain,2017,44.1,Male
Spain,2017,41.2,Male
Spain,2017,42.2,Male
Spain,2017,44.4,Male
Spain,2017,43.8,Male
Spain,2017,46.9,Male
Spain,2020,47.9,Male
Spain,2020,50,Male
Spain,2020,50.7,Male
Spain,2020,51.1,Male
Spain,2020,51.3,Male
Spain,2020,50.4,Male
Spain,2020,51.1,Male
Spain,2020,51.1,Male
Spain,2020,52.3,Male
Sweden,1981,52.5,Male
Sweden,1981,53.6,Male
Sweden,1989,53.5,Male
Sweden,1989,53.4,Male
Sweden,1989,50,Male
Sweden,1997,52,Male
Sweden,1997,51.2,Male
Sweden,1997,50.2,Male
Sweden,1998,50.3,Male
Sweden,1998,51.4,Male
Sweden,1998,52.9,Male
Sweden,1998,51.4,Male
Sweden,1998,50.9,Male
Sweden,1998,52.5,Male
Sweden,1998,33.1,Male
Sweden,1998,32.8,Male
Sweden,1998,32.8,Male
Sweden,1999,34.3,Male
Sweden,1999,34.3,Male
Sweden,1999,34.1,Male
Sweden,1999,35.2,Male
Sweden,1999,34.2,Male
Sweden,1999,34,Male
Sweden,1999,34.3,Male
Sweden,1999,34.3,Male
Sweden,1999,35.8,Male
Sweden,2000,35.2,Male
Sweden,2000,37.4,Male
Sweden,2000,35.6,Male
Sweden,2000,36.3,Male
Sweden,2000,37.6,Male
Sweden,2000,37,Male
Sweden,2000,39.7,Male
Sweden,2000,39.3,Male
Sweden,2000,41.7,Male
Sweden,2001,42.1,Male
Sweden,2001,41.8,Male
Sweden,2001,41.7,Male
Sweden,2001,40.5,Male
Sweden,2001,41.3,Male
Sweden,2001,40.9,Male
Sweden,2001,42.3,Male
Sweden,2001,41.3,Male
Sweden,2001,43.4,Male
Sweden,2002,43.3,Male
Sweden,2002,42.2,Male
Sweden,2002,40,Male
Sweden,2002,40.4,Male
Sweden,2002,39.9,Male
Sweden,2002,38.7,Male
Sweden,2002,38.3,Male
Sweden,2002,38.8,Male
Sweden,2002,40.3,Male
Sweden,2003,39.5,Male
Sweden,2003,39.4,Male
Sweden,2003,38.8,Male
Sweden,2003,6.2,Female
Sweden,2003,5.9,Female
Sweden,2003,5.7,Female
Sweden,2003,6.4,Female
Sweden,2003,6.3,Female
Sweden,2003,6.1,Female
Sweden,2004,6.4,Female
Sweden,2004,6,Female
Sweden,2004,7.6,Female
Sweden,2004,6.9,Female
Sweden,2004,6.6,Female
Sweden,2004,7.9,Female
Sweden,2004,6.7,Female
Sweden,2004,7.2,Female
Sweden,2004,8.2,Female
Sweden,2005,7.9,Female
Sweden,2005,9.4,Female
Sweden,2005,9.9,Female
Sweden,2005,10.1,Female
Sweden,2005,10.2,Female
Sweden,2005,10.3,Female
Sweden,2005,10.8,Female
Sweden,2005,12.1,Female
Sweden,2005,12.1,Female
Sweden,2006,11.4,Female
Sweden,2006,12.7,Female
Sweden,2006,12.2,Female
Sweden,2006,12.2,Female
Sweden,2006,12.4,Female
Sweden,2006,12.6,Female
Sweden,2006,12.6,Female
Sweden,2006,12.8,Female
Sweden,2006,12.2,Female
Sweden,2007,15.1,Female
Sweden,2007,14.2,Female
Sweden,2007,15.7,Female
Sweden,2007,14.7,Female
Sweden,2007,16.2,Female
Sweden,2007,15.6,Female
Sweden,2007,14.9,Female
Sweden,2007,16.1,Female
Sweden,2007,15.6,Female
Sweden,2008,23.4,Female
Sweden,2008,23.5,Female
Sweden,2008,24.3,Female
Sweden,2008,22.5,Female
Sweden,2008,21.9,Female
Sweden,2008,24.8,Female
Sweden,2008,24.3,Female
Sweden,2008,24.2,Female
Sweden,2008,24.4,Female
Sweden,2009,23.7,Female
Sweden,2009,24.5,Female
Sweden,2009,24.7,Female
Sweden,2009,25.5,Female
Sweden,2009,25.6,Female
Sweden,2009,26.5,Female
Sweden,2009,27.8,Female
Sweden,2009,27.2,Female
Sweden,2009,27.3,Female
Sweden,2010,27.7,Female
Sweden,2010,30.2,Female
Sweden,2010,29.3,Female
Sweden,2010,28.2,Female
Sweden,2010,29,Female
Sweden,2010,29.8,Female
Sweden,2010,28.2,Female
Sweden,2010,29.2,Female
Sweden,2010,27.7,Female
Sweden,2011,29.2,Female
Sweden,2011,29.5,Female
Sweden,2011,30.3,Female
Sweden,2011,30.3,Female
Sweden,2011,29.5,Female
Sweden,2011,29,Female
Sweden,2011,29.4,Female
Sweden,2011,29.5,Female
Sweden,2011,29.3,Female
Sweden,2012,29.5,Female
Sweden,2012,29.5,Female
Sweden,2012,28.3,Female
Sweden,2012,30.6,Female
Sweden,2012,30,Female
Sweden,2012,29.4,Female
Sweden,2012,47.8,Male
Sweden,2012,52.1,Male
Sweden,2012,61.4,Male
Sweden,2013,62.2,Male
Sweden,2013,65.1,Male
Sweden,2013,10.3,Male
Sweden,2013,12.6,Male
Sweden,2013,17.3,Male
Sweden,2013,16.6,Male
Sweden,2013,18.1,Male
Sweden,2013,17.9,Male
Sweden,2013,19.5,Male
Sweden,2014,38.8,Female
Sweden,2014,39.1,Female
Sweden,2014,44.6,Female
Sweden,2014,45.7,Female
Sweden,2014,48.9,Female
Sweden,2014,43.1,Total
Sweden,2014,45.3,Total
Sweden,2014,52.2,Total
Sweden,2014,53.3,Total
Sweden,2015,56.6,Total
Sweden,2015,26.5,Female
Sweden,2015,26.6,Female
Sweden,2015,29.4,Female
Sweden,2015,30.1,Female
Sweden,2015,32.2,Female
Sweden,2015,31.3,Female
Sweden,2015,31.7,Total
Sweden,2015,32.8,Total
Sweden,2016,36.4,Total
Sweden,2016,36.6,Total
Sweden,2016,39.1,Total
Sweden,2016,38.1,Total
Sweden,2016,37.5,Male
Sweden,2016,39.5,Male
Sweden,2016,44.8,Male
Sweden,2016,44.1,Male
Sweden,2016,47.3,Male
Sweden,2017,45.6,Male
Sweden,2017,12.3,Female
Sweden,2017,12.5,Female
Sweden,2017,15.8,Female
Sweden,2017,15.2,Female
Sweden,2017,15.6,Female
Sweden,2017,16.1,Female
Sweden,2017,17.6,Female
Sweden,2017,11.4,Total
Sweden,2018,12.5,Total
Sweden,2018,16.4,Total
Sweden,2018,15.8,Total
Sweden,2018,16.7,Total
Sweden,2018,16.9,Total
Sweden,2018,18.5,Total
Sweden,2018,10.3,Male
Sweden,2018,11.4,Male
Sweden,2018,14.6,Male
Sweden,2019,15.1,Male
Sweden,2019,15.5,Male
Sweden,2019,16.4,Male
Sweden,2019,16.1,Male
Sweden,2019,24.9,Male
Sweden,2019,45.8,Female
Sweden,2019,47.5,Female
Sweden,2019,49.1,Female
Sweden,2019,49.2,Female
Sweden,2020,48,Female
Sweden,2020,53.7,Male
Sweden,2020,56,Male
Sweden,2020,57.1,Male
Sweden,2020,58.6,Male
Sweden,2020,59,Male
Sweden,2020,45.4,Male
Sweden,2020,32.1,Female
Sweden,2020,70.3,Male
Sweden,2021,33.1,Female
Sweden,2021,36.8,Total
Sweden,2021,36.2,Total
Sweden,2021,36.4,Total
Sweden,2021,37.6,Total
Sweden,2021,36.6,Total
Sweden,2021,37.3,Total
Sweden,2021,38.9,Total
Sweden,2021,67.6,Total
Sweden,2022,28.7,Total
Sweden,2022,49.6,Total
Sweden,2022,51.6,Total
Sweden,2022,52.8,Total
Sweden,2022,53.5,Total
Sweden,2022,53.2,Total
Sweden,2022,31.8,Female
Sweden,2022,31.4,Female
Sweden,2022,31.6,Female
Switzerland,1992,32.5,Female
Switzerland,1992,31.8,Female
Switzerland,1992,32.3,Female
Switzerland,1992,12.6,Female
Switzerland,1992,14,Female
Switzerland,1992,16.1,Female
Switzerland,1992,17.5,Female
Switzerland,1992,15.9,Female
Switzerland,1992,17.4,Female
Switzerland,1997,15.7,Female
Switzerland,1997,65.2,Female
Switzerland,1997,42.3,Male
Switzerland,1997,41.4,Male
Switzerland,1997,42,Male
Switzerland,1997,43.6,Male
Switzerland,1997,42.2,Male
Switzerland,1997,43,Male
Switzerland,1997,11.5,Total
Switzerland,2002,12.8,Total
Switzerland,2002,15.4,Total
Switzerland,2002,16.4,Total
Switzerland,2002,15.7,Total
Switzerland,2002,16.9,Total
Switzerland,2002,15.9,Total
Switzerland,2002,40.5,Female
Switzerland,2002,43,Female
Switzerland,2002,46.2,Female
Switzerland,2007,49.3,Female
Switzerland,2007,43.8,Female
Switzerland,2007,46,Female
Switzerland,2007,47.7,Female
Switzerland,2007,45.8,Male
Switzerland,2007,45.9,Male
Switzerland,2007,40.7,Male
Switzerland,2007,19.1,Male
Switzerland,2007,15.1,Male
Switzerland,2012,15.2,Male
Switzerland,2012,14.5,Male
Switzerland,2012,14.5,Male
Switzerland,2012,15.9,Male
Switzerland,2012,20.6,Male
Switzerland,2012,24.9,Female
Switzerland,2012,27.3,Female
Switzerland,2012,29.6,Female
Switzerland,2012,31,Female
Switzerland,2017,16.2,Female
Switzerland,2017,18,Female
Switzerland,2017,16.7,Female
Switzerland,2017,62.9,Male
Switzerland,2017,62.7,Male
Switzerland,2017,57.8,Male
Switzerland,2017,57.2,Male
Switzerland,2017,59.1,Male
Switzerland,2017,62.8,Male
Switzerland,2022,66.8,Male
Switzerland,2022,27.6,Female
Switzerland,2022,28,Female
Switzerland,2022,31,Female
Switzerland,2022,16.5,Total
Switzerland,2022,17.6,Total
Switzerland,2022,16.9,Total
Switzerland,2022,32.2,Total
Switzerland,2022,35.7,Total
Ukraine,1975,37.9,Total
Ukraine,1975,38.3,Total
Ukraine,1975,33.6,Total
Ukraine,1976,34,Total
Ukraine,1976,34.6,Total
Ukraine,1976,47.6,Total
Ukraine,1977,50.8,Total
Ukraine,1977,54.2,Total
Ukraine,1977,57.7,Total
Ukraine,1978,50.1,Total
Ukraine,1978,51.6,Total
Ukraine,1978,51.5,Total
Ukraine,1979,18.9,Total
Ukraine,1979,16.2,Total
Ukraine,1979,15.4,Total
Ukraine,1980,15.1,Total
Ukraine,1980,15.1,Total
Ukraine,1980,16.3,Total
Ukraine,1981,19.4,Total
Ukraine,1981,17.1,Male
Ukraine,1981,16.8,Male
Ukraine,1982,17.1,Male
Ukraine,1982,42,Male
Ukraine,1982,44.6,Male
Ukraine,1983,46.9,Male
Ukraine,1983,46.2,Male
Ukraine,1983,18.4,Female
Ukraine,1984,17.4,Female
Ukraine,1984,15.6,Female
Ukraine,1984,15.7,Female
Ukraine,1985,15.7,Female
Ukraine,1985,16.6,Female
Ukraine,1985,18.3,Female
Ukraine,1986,29.6,Female
Ukraine,1986,30.2,Female
Ukraine,1986,30.5,Female
Ukraine,1987,55.1,Total
Ukraine,1987,55.6,Total
Ukraine,1987,56.5,Total
Ukraine,1988,45.4,Female
Ukraine,1988,47.6,Female
Ukraine,1988,48.5,Female
Ukraine,1989,38.7,Total
Ukraine,1989,36.4,Total
Ukraine,1989,37.1,Total
Ukraine,1990,64.9,Male
Ukraine,1990,63.7,Male
Ukraine,1990,64.4,Male
Ukraine,1991,17,Male
Ukraine,1991,21,Male
Ukraine,1991,20.7,Male
Ukraine,1992,47.9,Male
Ukraine,1992,42.7,Male
Ukraine,1992,43.7,Male
Ukraine,1993,16.4,Total
Ukraine,1993,19.2,Total
Ukraine,1993,19.4,Total
Ukraine,1994,15.8,Female
Ukraine,1994,17.4,Female
Ukraine,1994,18,Female
Ukraine,1995,32.3,Total
Ukraine,1995,32.3,Total
Ukraine,1995,33.5,Total
Ukraine,1996,33.5,Total
Ukraine,1996,34.4,Total
Ukraine,1996,33.3,Total
Ukraine,1997,33,Total
Ukraine,1997,33.4,Total
Ukraine,1997,34.4,Total
Ukraine,1998,34,Total
Ukraine,1998,34.7,Total
Ukraine,1998,34.5,Total
Ukraine,1999,35.1,Total
Ukraine,1999,35.3,Total
Ukraine,1999,35.3,Total
Ukraine,2000,35.2,Total
Ukraine,2000,34.3,Total
Ukraine,2000,36,Total
Ukraine,2001,35.9,Total
Ukraine,2001,35.1,Total
Ukraine,2001,35.8,Total
Ukraine,2002,35.4,Total
Ukraine,2002,35.6,Total
Ukraine,2002,36,Total
Ukraine,2003,36,Total
Ukraine,2003,5.5,Total
Ukraine,2003,7.9,Total
Ukraine,2004,8.1,Total
Ukraine,2004,8.1,Total
Ukraine,2004,9.2,Total
Ukraine,2005,9.2,Total
Ukraine,2005,10.3,Total
Ukraine,2005,9.8,Total
Ukraine,2006,9.9,Total
Ukraine,2006,10.9,Total
Ukraine,2006,9,Total
Ukraine,2007,10.6,Total
Ukraine,2007,10.3,Total
Ukraine,2007,10.9,Total
Ukraine,2008,11.3,Total
Ukraine,2008,11,Total
Ukraine,2008,11.8,Total
Ukraine,2009,11.7,Total
Ukraine,2009,12.2,Total
Ukraine,2009,12.3,Total
Ukraine,2010,13,Total
Ukraine,2010,13.1,Total
Ukraine,2010,14.1,Total
Ukraine,2011,13.7,Total
Ukraine,2011,14.4,Total
Ukraine,2011,15.3,Total
Ukraine,2012,16.1,Total
Ukraine,2012,25.3,Female
Ukraine,2012,25.3,Female
Ukraine,2013,26.6,Female
Ukraine,2013,26.6,Female
Ukraine,2013,28,Female
Ukraine,2014,27,Female
Ukraine,2014,25.7,Female
Ukraine,2014,26.3,Female
Ukraine,2015,26.8,Female
Ukraine,2015,26.7,Female
Ukraine,2015,27,Female
Ukraine,2016,27.4,Female
Ukraine,2016,28.2,Female
Ukraine,2016,28.5,Female
United Kingdom,1980,27.7,Female
United Kingdom,1980,28.3,Female
United Kingdom,1980,27.8,Female
United Kingdom,1980,28.9,Female
United Kingdom,1980,29.7,Female
United Kingdom,1980,28,Female
United Kingdom,1980,29.3,Female
United Kingdom,1980,29.7,Female
United Kingdom,1987,29.1,Female
United Kingdom,1987,30.4,Female
United Kingdom,1987,30.4,Female
United Kingdom,1987,47.4,Male
United Kingdom,1987,47.4,Male
United Kingdom,1987,49.6,Male
United Kingdom,1987,49.6,Male
United Kingdom,1987,51.9,Male
United Kingdom,1991,49.8,Male
United Kingdom,1991,50.3,Male
United Kingdom,1991,52,Male
United Kingdom,1991,52.2,Male
United Kingdom,1991,52.2,Male
United Kingdom,1991,52.9,Male
United Kingdom,1991,53,Male
United Kingdom,1991,53.9,Male
United Kingdom,1992,53.6,Male
United Kingdom,1992,54.6,Male
United Kingdom,1992,54.2,Male
United Kingdom,1992,52.9,Male
United Kingdom,1992,55.3,Male
United Kingdom,1992,56.1,Male
United Kingdom,1992,56.1,Male
United Kingdom,1992,56.6,Male
United Kingdom,1993,55.3,Male
United Kingdom,1993,56.7,Male
United Kingdom,1993,57.2,Male
United Kingdom,1993,57.4,Male
United Kingdom,1993,39.4,Male
United Kingdom,1993,39.4,Male
United Kingdom,1993,40.3,Male
United Kingdom,1993,40.3,Male
United Kingdom,1993,40.9,Male
United Kingdom,1994,39.6,Male
United Kingdom,1994,40.4,Male
United Kingdom,1994,40.6,Male
United Kingdom,1994,42,Male
United Kingdom,1994,41.4,Male
United Kingdom,1994,42.3,Male
United Kingdom,1994,41.7,Male
United Kingdom,1994,41.9,Male
United Kingdom,1994,42,Male
United Kingdom,1995,42.9,Male
United Kingdom,1995,42.1,Male
United Kingdom,1995,40.6,Male
United Kingdom,1995,43,Male
United Kingdom,1995,41.8,Male
United Kingdom,1995,42.1,Male
United Kingdom,1995,42.1,Male
United Kingdom,1995,40.9,Male
United Kingdom,1995,42,Male
United Kingdom,1996,41.4,Male
United Kingdom,1996,41.3,Male
United Kingdom,1996,4.9,Male
United Kingdom,1996,5.4,Male
United Kingdom,1996,7.9,Male
United Kingdom,1996,8,Male
United Kingdom,1996,8,Male
United Kingdom,1996,9.3,Male
United Kingdom,1996,9.3,Male
United Kingdom,1997,11,Male
United Kingdom,1997,10.2,Male
United Kingdom,1997,10,Male
United Kingdom,1997,11.4,Male
United Kingdom,1997,10.3,Male
United Kingdom,1997,10.8,Male
United Kingdom,1997,10.6,Male
United Kingdom,1997,11.3,Male
United Kingdom,1997,12,Male
United Kingdom,1998,11.6,Male
United Kingdom,1998,11.7,Male
United Kingdom,1998,12.1,Male
United Kingdom,1998,12.3,Male
United Kingdom,1998,12.3,Male
United Kingdom,1998,14.2,Male
United Kingdom,1998,14,Male
United Kingdom,1998,14.6,Male
United Kingdom,1998,14.4,Male
United Kingdom,1999,14.7,Male
United Kingdom,1999,15.7,Male
United Kingdom,1999,16.1,Male
United Kingdom,1999,33.6,Female
United Kingdom,1999,33.6,Female
United Kingdom,1999,35.8,Female
United Kingdom,1999,35.8,Female
United Kingdom,1999,37.6,Female
United Kingdom,1999,36.5,Female
United Kingdom,2000,35.4,Female
United Kingdom,2000,36.6,Female
United Kingdom,2000,34.5,Female
United Kingdom,2000,37,Female
United Kingdom,2000,36.9,Female
United Kingdom,2000,37.9,Female
United Kingdom,2000,38.8,Female
United Kingdom,2000,39,Female
United Kingdom,2000,39.5,Female
United Kingdom,2001,39.5,Female
United Kingdom,2001,39.9,Female
United Kingdom,2001,41.1,Female
United Kingdom,2001,41.4,Female
United Kingdom,2001,40.2,Female
United Kingdom,2001,42.9,Female
United Kingdom,2001,42.8,Female
United Kingdom,2001,43.2,Female
United Kingdom,2001,45.3,Female
United Kingdom,2002,46.6,Female
United Kingdom,2002,40.4,Total
United Kingdom,2002,40.4,Total
United Kingdom,2002,42.7,Total
United Kingdom,2002,42.7,Total
United Kingdom,2002,44.7,Total
United Kingdom,2002,43.1,Total
United Kingdom,2002,42.8,Total
United Kingdom,2002,44.3,Total
United Kingdom,2003,43.4,Total
United Kingdom,2003,44.6,Total
United Kingdom,2003,44.9,Total
United Kingdom,2003,45.5,Total
United Kingdom,2003,46.4,Total
United Kingdom,2003,46.3,Total
United Kingdom,2003,47.1,Total
United Kingdom,2003,46.9,Total
United Kingdom,2003,46.5,Total
United Kingdom,2004,48.3,Total
United Kingdom,2004,48.8,Total
United Kingdom,2004,48.2,Total
United Kingdom,2004,49.9,Total
United Kingdom,2004,49.1,Total
United Kingdom,2004,50,Total
United Kingdom,2004,51.4,Total
United Kingdom,2004,52.1,Total
United Kingdom,2004,5.2,Female
United Kingdom,2005,5.6,Female
United Kingdom,2005,7.8,Female
United Kingdom,2005,8.3,Female
United Kingdom,2005,8.3,Female
United Kingdom,2005,9.2,Female
United Kingdom,2005,9.2,Female
United Kingdom,2005,9.6,Female
United Kingdom,2005,9.5,Female
United Kingdom,2005,9.8,Female
United Kingdom,2006,10.3,Female
United Kingdom,2006,7.7,Female
United Kingdom,2006,10.3,Female
United Kingdom,2006,9.9,Female
United Kingdom,2006,10.6,Female
United Kingdom,2006,10.6,Female
United Kingdom,2006,10.5,Female
United Kingdom,2006,11.8,Female
United Kingdom,2006,11.2,Female
United Kingdom,2007,12.1,Female
United Kingdom,2007,12.2,Female
United Kingdom,2007,11.6,Female
United Kingdom,2007,12.2,Female
United Kingdom,2007,13.6,Female
United Kingdom,2007,13.1,Female
United Kingdom,2007,14.1,Female
United Kingdom,2007,14.9,Female
United Kingdom,2007,16.1,Female
United Kingdom,2008,6.3,Male
United Kingdom,2008,6.6,Male
United Kingdom,2008,6.9,Male
United Kingdom,2008,7.2,Male
United Kingdom,2008,7.5,Male
United Kingdom,2008,7.8,Male
United Kingdom,2008,8.2,Male
United Kingdom,2008,8.5,Male
United Kingdom,2008,8.9,Male
United Kingdom,2009,9.3,Male
United Kingdom,2009,9.7,Male
United Kingdom,2009,10.1,Male
United Kingdom,2009,10.5,Male
United Kingdom,2009,10.9,Male
United Kingdom,2009,11.3,Male
United Kingdom,2009,11.7,Male
United Kingdom,2009,12.1,Male
United Kingdom,2009,12.5,Male
United Kingdom,2010,12.8,Male
United Kingdom,2010,13.2,Male
United Kingdom,2010,13.6,Male
United Kingdom,2010,13.9,Male
United Kingdom,2010,14.3,Male
United Kingdom,2010,14.6,Male
United Kingdom,2010,15,Male
United Kingdom,2010,15.4,Male
United Kingdom,2010,15.7,Male
United Kingdom,2011,16.1,Male
United Kingdom,2011,16.5,Male
United Kingdom,2011,16.9,Male
United Kingdom,2011,17.3,Male
United Kingdom,2011,17.7,Male
United Kingdom,2011,18.2,Male
United Kingdom,2011,18.6,Male
United Kingdom,2011,19.1,Male
United Kingdom,2011,19.6,Male
United Kingdom,2012,20.1,Male
United Kingdom,2012,20.7,Male
United Kingdom,2012,21.3,Male
United Kingdom,2012,21.9,Male
United Kingdom,2012,22.5,Male
United Kingdom,2012,23.2,Male
United Kingdom,2012,12.8,Total
United Kingdom,2012,13.1,Total
United Kingdom,2012,13.4,Total
United Kingdom,2013,13.7,Total
United Kingdom,2013,14.1,Total
United Kingdom,2013,14.4,Total
United Kingdom,2013,14.7,Total
United Kingdom,2013,15.1,Total
United Kingdom,2013,15.4,Total
United Kingdom,2013,15.8,Total
United Kingdom,2013,16.1,Total
United Kingdom,2013,16.5,Total
United Kingdom,2014,16.8,Total
United Kingdom,2014,17.2,Total
United Kingdom,2014,17.5,Total
United Kingdom,2014,17.8,Total
United Kingdom,2014,18.1,Total
United Kingdom,2014,18.4,Total
United Kingdom,2014,18.7,Total
United Kingdom,2014,18.9,Total
United Kingdom,2014,19.2,Total
United Kingdom,2014,19.4,Total
United Kingdom,2014,19.7,Total
United Kingdom,2014,19.9,Total
United Kingdom,2015,20.1,Total
United Kingdom,2015,20.4,Total
United Kingdom,2015,20.6,Total
United Kingdom,2015,20.9,Total
United Kingdom,2015,21.1,Total
United Kingdom,2015,21.4,Total
United Kingdom,2015,21.7,Total
United Kingdom,2015,22,Total
United Kingdom,2015,22.3,Total
United Kingdom,2016,22.6,Total
United Kingdom,2016,23,Total
United Kingdom,2016,23.3,Total
United Kingdom,2016,23.7,Total
United Kingdom,2016,24.2,Total
United Kingdom,2016,24.6,Total
United Kingdom,2016,25.1,Total
United Kingdom,2016,25.6,Total
United Kingdom,2016,26.1,Total
United Kingdom,2017,17.8,Female
United Kingdom,2017,18.2,Female
United Kingdom,2017,18.5,Female
United Kingdom,2017,18.8,Female
United Kingdom,2017,19.2,Female
United Kingdom,2017,19.5,Female
United Kingdom,2017,19.9,Female
United Kingdom,2017,20.2,Female
United Kingdom,2017,20.6,Female
United Kingdom,2017,20.9,Female
United Kingdom,2017,21.3,Female
United Kingdom,2017,21.6,Female
United Kingdom,2017,21.9,Female
United Kingdom,2017,22.2,Female
United Kingdom,2017,22.5,Female
United Kingdom,2018,22.8,Female
United Kingdom,2018,23,Female
United Kingdom,2018,23.2,Female
United Kingdom,2018,23.4,Female
United Kingdom,2018,23.6,Female
United Kingdom,2018,23.8,Female
United Kingdom,2018,23.9,Female
United Kingdom,2018,24.1,Female
United Kingdom,2018,24.2,Female
United Kingdom,2019,24.3,Female
United Kingdom,2019,24.5,Female
United Kingdom,2019,24.6,Female
United Kingdom,2019,24.8,Female
United Kingdom,2019,25,Female
United Kingdom,2019,25.1,Female
United Kingdom,2019,25.3,Female
United Kingdom,2019,25.5,Female
United Kingdom,2019,25.7,Female
United Kingdom,2021,25.9,Female
United Kingdom,2021,26.2,Female
United Kingdom,2021,26.4,Female
United Kingdom,2021,26.7,Female
United Kingdom,2021,27,Female
United Kingdom,2021,27.4,Female
United Kingdom,2021,27.7,Female
United Kingdom,2021,28.1,Female
United Kingdom,2021,28.4,Female
